session_id,channel_id,status,broadband_snr,high_gamma_snr,broadband_resp_ratio,tuning_metric,broadband_power_snr,high_gamma_power_snr,broadband_induced_snr,habituation_index,lowfreq_snr,lowfreq_resp_ratio,lowfreq_tuning_metric,lowfreq_status,lowfreq_power_snr,lowfreq_induced_snr
sub-01_ses-01_task-AcousStim_acq-LH_desc-raw,CG1D1E1,Dead,0.0004824752022510721,0.0004080676161953712,0.4921612541993281,0.0034722932759476428,1.00931018108012,0.9936432280129004,1.008827705877869,0.2958120199749003,0.0005048681453542936,0.4916013437849944,0.0036563022508827978,Dead,1.010139009660178,1.0096341415148238
sub-01_ses-01_task-AcousStim_acq-LH_desc-raw,CG1D1E2,Dead,0.0005686841524874161,0.0006444186036145297,0.4944008958566629,0.003136880373514757,1.0024713051704046,1.0082847637139611,1.0019026210179174,0.3232217426326763,0.0005082995699985487,0.49048152295632697,0.0030521857979574673,Dead,1.0001084198765025,0.999600120306504
sub-01_ses-01_task-AcousStim_acq-LH_desc-raw,CG1D1E3,Dead,0.0006492246596587394,0.00048635034000498194,0.4966405375139978,0.0030698599995785665,1.003656884505434,1.0058565054502864,1.0030076598457753,-0.1476259613044514,0.0006758802068213937,0.5005599104143337,0.0031284292699341977,Dead,1.0054593918422141,1.0047835116353925
sub-01_ses-01_task-AcousStim_acq-LH_desc-raw,CG1D1E4,Dead,0.0002528950585416311,0.0004751894077787403,0.503919372900336,0.0019069923588323507,0.9951217125918395,0.9955615663453188,0.9948688175332978,-0.15076630080766407,0.00025974478374485516,0.5027995520716685,0.0014245198580110552,Dead,0.9885790434933347,0.9883192987095898
sub-01_ses-02_task-AcousStim_acq-LH_desc-raw,CG1D1E1,Dead,0.0007998946543111545,0.0005738961284205713,0.5045161290322581,0.006972309032797349,0.9824527657727306,0.9790249152901109,0.9816528711184194,-0.21934267214798311,0.0006556792783964549,0.4972043010752688,0.006998537260793691,Dead,0.9808184158520199,0.9801627365736234
sub-01_ses-02_task-AcousStim_acq-LH_desc-raw,CG1D1E2,Dead,0.0005187380294762624,0.0005754861827848423,0.5006451612903225,0.0043225381597974035,0.9913259678542098,0.9887673148149625,0.9908072298247336,-0.4472186500639271,0.00034542759146710667,0.5049462365591398,0.003298397659158542,Dead,0.989788085446296,0.989442657854829
sub-01_ses-02_task-AcousStim_acq-LH_desc-raw,CG1D1E3,Dead,0.0002509382770518854,0.00034982257638656533,0.4821505376344086,0.004219208656682396,1.0010247017951563,1.0044394313658813,1.0007737635181047,-0.004038761312183236,0.00019541727413507166,0.4868817204301075,0.0040483923922190026,Dead,0.9993600338433674,0.9991646165692323
sub-01_ses-02_task-AcousStim_acq-LH_desc-raw,CG1D1E4,Dead,0.0005375295258364738,0.0007142938384212303,0.5006451612903225,0.00674340584890378,0.9945529745330743,0.9901592179961239,0.9940154450072378,-0.19265413146919552,0.00039745934687602065,0.5118279569892473,0.00797208863142289,Dead,1.0029250737631346,1.0025276144162587
sub-02_ses-01_task-AcousStim_acq-LH_desc-raw,SG1D1E1,Dead,0.008253478083642303,0.0014101757128169347,0.5047619047619047,0.007415963545772127,1.0136240630237758,1.0414304822054354,1.0053705849401335,-0.7625769096495829,0.00870252242457754,0.5079365079365079,0.008025610407519583,Dead,1.0134581771512452,1.0047556547266676
sub-02_ses-01_task-AcousStim_acq-LH_desc-raw,SG1D1E8,Dead,0.0010872003959613407,0.0007848068411766653,0.49126984126984125,0.0040138507087410895,1.0034525966116177,1.009903824223274,1.0023653962156565,-0.30418382376275716,0.0011395252621823687,0.49523809523809526,0.0037828868262882527,Dead,1.009998653777171,1.0088591285149886
sub-02_ses-01_task-AcousStim_acq-LH_desc-raw,SG1D1E16,Dead,0.017405387917704022,0.000843561373820593,0.49444444444444446,0.014899526859779712,1.0024954093248657,0.9888241164884329,0.9850900214071616,-0.7935178808802955,0.018438614835939404,0.49047619047619045,0.01602900751308312,Dead,1.001095316908023,0.9826567020720837
sub-02_ses-01_task-AcousStim_acq-LH_desc-raw,SG1D1E21,Dead,0.04018509143335371,0.0006870833005022927,0.5563492063492064,0.0342653818354089,1.0389180124007507,1.0145461627778891,0.998732920967397,-0.9004745973825476,0.04251506556849725,0.5563492063492064,0.035933756295974735,Dead,1.0323377415368509,0.9898226759683535
sub-02_ses-01_task-AcousStim_acq-LH_desc-raw,SG1D1E9,Dead,0.04674562568680134,0.0007677044135516124,0.5277777777777778,0.03238652030622264,1.0301157077863765,0.9798288349127947,0.9833700820995753,-0.7796888355894905,0.04889146217479641,0.5333333333333333,0.03357091163436307,Dead,1.0337175098673959,0.9848260476925995
sub-02_ses-01_task-AcousStim_acq-LH_desc-raw,SG1D1E5,Dead,0.05385082488059059,0.0007609064681880786,0.5507936507936508,0.037417352102324976,1.050846437570112,0.9749139350016471,0.9969956126895216,-0.8329737655585461,0.05605920971137248,0.5507936507936508,0.03908189348510246,Dead,1.0503493992982438,0.9942901895868712
sub-02_ses-01_task-AcousStim_acq-LH_desc-raw,SG1D1E17,Dead,0.09947570505716727,0.0008592836447063155,0.5888888888888889,0.08092262987735223,1.1292860971144272,1.0305721879711327,1.0298103920572599,-0.936450182586902,0.10259616069543577,0.6031746031746031,0.08295634747816684,Dead,1.1312240247412397,1.028627864045804
sub-02_ses-01_task-AcousStim_acq-LH_desc-raw,SG1D1E22,Dead,0.023764577969602695,0.0008308249536308234,0.5515873015873016,0.04117036710143058,1.0881356670089766,0.9944287608462098,1.0643710890393738,-0.9297730995236606,0.02447635196022293,0.542063492063492,0.04202367616006352,Dead,1.0931562021354924,1.0686798501752695
sub-02_ses-01_task-AcousStim_acq-LH_desc-raw,SG1D1E2,Dead,0.03812717874267295,0.0008048612113088303,0.5349206349206349,0.03353301855408655,1.084043068185489,0.9864413424663743,1.0459158894428158,-0.7317081909398799,0.03938578218551389,0.546031746031746,0.035608724924565155,Dead,1.0786456146534331,1.0392598324679192
sub-02_ses-01_task-AcousStim_acq-LH_desc-raw,SG1D1E14,Dead,0.005850619591247566,0.0008638232993999757,0.5023809523809524,0.0285834839108237,0.9056947388315565,1.0073674703806033,0.8998441192403089,0.26164792414197663,0.005884961598209615,0.503968253968254,0.029801604039254765,Dead,0.8981627747438766,0.892277813145667
sub-02_ses-01_task-AcousStim_acq-LH_desc-raw,SG1D1E10,Dead,0.06989539010788287,0.0006470662984333207,0.526984126984127,0.03782868546890136,1.0464279699419483,0.9716288609929993,0.9765325798340654,-0.6690183507507548,0.0718091957423466,0.5222222222222223,0.039102081876426525,Dead,1.045752830299243,0.9739436345568965
sub-02_ses-01_task-AcousStim_acq-LH_desc-raw,SG1D1E18,Dead,0.05817205192370617,0.0009165266108652639,0.5246031746031746,0.037604434370564974,1.026031144266267,1.0069365279030251,0.9678590923425607,-0.80775250541346,0.0616717885062067,0.5412698412698412,0.040529308105070834,Dead,1.0338011740074093,0.9721293855012026
sub-02_ses-01_task-AcousStim_acq-LH_desc-raw,SG1D1E6,Dead,0.07026936463478939,0.0007147194174396197,0.542063492063492,0.03580454099765877,1.0491834975342482,0.9762251466959545,0.9789141328994588,-0.6484707761994654,0.07219771095568983,0.5380952380952381,0.036941332548186843,Dead,1.0463471063659742,0.9741493954102844
sub-02_ses-01_task-AcousStim_acq-LH_desc-raw,SG1D1E11,Dead,0.01319824238126273,0.0007894918298249629,0.5063492063492063,0.009905591865173383,0.9817419578227816,1.0002242978991316,0.968543715441519,-0.7929094686910294,0.014056973055819847,0.4936507936507937,0.010920054010322642,Dead,0.9960379646130012,0.9819809915571813
sub-02_ses-01_task-AcousStim_acq-LH_desc-raw,SG1D1E15,Dead,0.005442456611854902,0.0008987980183113457,0.5,0.00800387123921752,0.9803996933740068,0.9529297653559492,0.9749572367621518,0.07087684153824408,0.005684948376314737,0.5015873015873016,0.008131140148378088,Dead,0.987479180613688,0.9817942322373733
sub-02_ses-01_task-AcousStim_acq-LH_desc-raw,SG1D1E3,Dead,0.012864628291948486,0.0010436276731153886,0.5174603174603175,0.012318215080883784,1.0361637126203775,1.0044909927027406,1.023299084328429,-0.7186323414766708,0.013193355109789412,0.5206349206349207,0.013011121314577642,Dead,1.0334197545801982,1.0202263994704088
sub-02_ses-01_task-AcousStim_acq-LH_desc-raw,SG1D1E23,Dead,0.0019690075493327117,0.0010880157418401194,0.48174603174603176,0.005682016981303036,1.0039633829654362,1.0085655177095714,1.0019943754161034,-0.287895145168912,0.0020072307367586203,0.46984126984126984,0.0061059339223186035,Dead,1.0041464783754759,1.0021392476387172
sub-02_ses-01_task-AcousStim_acq-LH_desc-raw,SG1D1E19,Dead,0.01991304861753024,0.0009183036402301784,0.5071428571428571,0.02523248759641959,1.017885175234964,1.0224410714573475,0.9979721266174337,-0.854709001546894,0.020856414533468114,0.5166666666666667,0.026931039067861585,Dead,1.02363804414182,1.0027816296083518
sub-02_ses-01_task-AcousStim_acq-LH_desc-raw,SG1D1E7,Dead,0.011004229782582128,0.0008165665238574831,0.49206349206349204,0.013080702994934329,0.9979115653749647,1.0538491952174902,0.9869073355923825,-0.19294656500740115,0.010505032775598496,0.49682539682539684,0.011645199192839064,Dead,0.9892101413089837,0.9787051085333852
sub-02_ses-01_task-AcousStim_acq-LH_desc-raw,SG1D1E12,Dead,0.011032191030882993,0.0013456480819848187,0.4857142857142857,0.013140064011502495,0.9976944173819281,1.005100039278929,0.9866622263510452,-0.3778411684320428,0.01101487068237239,0.4801587301587302,0.012605406715519579,Dead,0.990596619732674,0.9795817490503016
sub-02_ses-01_task-AcousStim_acq-LH_desc-raw,SG1D1E24,Dead,0.0007500388063652561,0.0008063847380178878,0.48412698412698413,0.003550460101234368,1.0065951918526028,1.0008334590365702,1.0058451530462378,-0.02921554876819882,0.0007846658372474288,0.49126984126984125,0.0051224781605016196,Dead,1.0061694716016498,1.0053848057644024
sub-02_ses-01_task-AcousStim_acq-LH_desc-raw,SG1D1E20,Dead,0.001238419041345991,0.0009185890698488839,0.4928571428571429,0.0063781500791796905,1.0188032045334594,1.0176594571553292,1.0175647854921133,-0.010207047233915861,0.0012525557784404027,0.4928571428571429,0.0069223312472692896,Dead,1.0192174344832274,1.017964878704787
sub-02_ses-01_task-AcousStim_acq-LH_desc-raw,SG1D1E13,Dead,0.0010954532029709948,0.000852480010536072,0.5047619047619047,0.004538937027095472,1.0219323036705643,1.0098199932731824,1.0208368504675935,-0.4761958294757965,0.0011346913467531032,0.4976190476190476,0.0046122879282883495,Dead,1.025504535415474,1.024369844068721
sub-02_ses-01_task-AcousStim_acq-LH_desc-raw,SG1D1E4,Dead,0.001327616809585935,0.0006672604386473636,0.4888888888888889,0.0023679766924023667,0.9826469251873695,1.0244625225448867,0.9813193083777835,-0.39089092331551156,0.0012620515064065288,0.4888888888888889,0.002286424600607799,Dead,0.979628077009509,0.9783660255031025
sub-02_ses-01_task-AcousStim_acq-RH_desc-raw,SG1D2E1,Dead,0.0009074432901853239,0.000790869777189313,0.5008445945945946,0.005981330174494696,1.0256800726846806,0.9733427174704954,1.0247726293944952,0.12759938782110375,0.000994290443897462,0.49493243243243246,0.006064007104881063,Dead,1.0267714455938692,1.0257771551499717
sub-02_ses-01_task-AcousStim_acq-RH_desc-raw,SG1D2E2,Dead,0.0006553151301999352,0.0010478072011690606,0.5050675675675675,0.0025439308318196806,0.9810297654919445,1.0343708747636764,0.9803744503617445,-0.21513130187361373,0.0005765199352209304,0.5109797297297297,0.002790593691613392,Dead,0.9755568044671773,0.9749802845319564
sub-02_ses-01_task-AcousStim_acq-RH_desc-raw,SG1D2E7,Dead,0.0019197488839173503,0.0009588164200570057,0.5,0.0039393983968278885,1.011870125727807,0.9888922724645821,1.0099503768438898,-0.39080594321625,0.0019313459678604633,0.5,0.004132159107993516,Dead,1.0150630611642102,1.0131317151963497
sub-02_ses-01_task-AcousStim_acq-RH_desc-raw,SG1D2E8,Dead,0.0008388172448691807,0.0008665863105830611,0.5050675675675675,0.002459395708991656,1.0112853290835528,0.9947986569121915,1.0104465118386836,0.00404255749475109,0.000721214285357223,0.5109797297297297,0.0023772122439689267,Dead,1.013359818496649,1.0126386042112918
sub-02_ses-01_task-AcousStim_acq-RH_desc-raw,SG1D2E13,Dead,0.004520360661631312,0.001220340226235575,0.5135135135135135,0.006084768925603195,1.0195523607896853,1.1288105645351043,1.015032000128054,-0.4202287643509204,0.004135067156818801,0.5177364864864865,0.005842921646233708,Dead,1.0093160405165313,1.0051809733597123
sub-02_ses-01_task-AcousStim_acq-RH_desc-raw,SG1D2E14,Dead,0.002147631794612505,0.0007127780106777093,0.512668918918919,0.008856589449839795,1.0340651832415022,1.081053949196017,1.0319175514468897,0.40822279778975656,0.002199034979006857,0.5050675675675675,0.009547165619453294,Dead,1.0312597747162826,1.0290607397372757
sub-02_ses-01_task-AcousStim_acq-RH_desc-raw,SG1D2E19,Dead,0.03374234983308608,0.001109952575802827,0.6081081081081081,0.0293688702330074,1.1752787119818118,1.4353130883798866,1.1415363621487258,-0.07831194482038982,0.033932296434002,0.6047297297297297,0.029927927500998406,Dead,1.1602546730296472,1.1263223765956452
sub-02_ses-01_task-AcousStim_acq-RH_desc-raw,SG1D2E20,Dead,0.011553316695621298,0.001329291407943537,0.5616554054054054,0.009142145884410034,1.060457871061504,1.387357244987589,1.0489045543658826,-0.40798569602915163,0.011086239584489553,0.5405405405405406,0.009506499542349802,Dead,1.0532568236313575,1.042170584046868
sub-02_ses-01_task-AcousStim_acq-RH_desc-raw,SG1D2E25,Dead,0.011095481257838088,0.0009896366060929947,0.5456081081081081,0.011887761205398044,1.0583315219310518,1.0790650684614302,1.0472360406732137,-0.6014800160196301,0.01173012388623754,0.5337837837837838,0.013603358792834676,Dead,1.0319781049481216,1.0202479810618839
sub-02_ses-01_task-AcousStim_acq-RH_desc-raw,SG1D2E26,Dead,0.0016141095920958947,0.0008271885793170868,0.5295608108108109,0.0025490456185085567,1.0082497422641277,1.0124648824796212,1.0066356326720318,-0.4644955072240583,0.001666533891820908,0.5337837837837838,0.002675789368944094,Dead,1.0156307719418478,1.013964238050027
sub-02_ses-01_task-AcousStim_acq-RH_desc-raw,SG1D2E31,Dead,0.0007532422284717052,0.0009025274425637093,0.5033783783783784,0.005445965185795295,0.9893079188978807,1.0095936211296084,0.988554676669409,-0.1720881253270903,0.0008270122039082991,0.504222972972973,0.0064208986863280495,Dead,0.9919103960552825,0.9910833838513742
sub-02_ses-01_task-AcousStim_acq-RH_desc-raw,SG1D2E3,Dead,0.017535873454891517,0.0007105054197980297,0.5278716216216216,0.013447432361035743,1.019571737754841,1.0828613096837931,1.0020358642999496,-0.6308960499302538,0.018304116718319798,0.5219594594594594,0.014232464272041986,Dead,1.0140729987998993,0.9957688820815794
sub-02_ses-01_task-AcousStim_acq-RH_desc-raw,SG1D2E9,Dead,0.002489324069412427,0.0009122491425646598,0.4907094594594595,0.0039023827955814287,0.9551913246110417,1.0647679636380998,0.9527020005416293,-0.5390945255179095,0.0024548266482542847,0.4847972972972973,0.0038288044483207316,Dead,0.9513127949135444,0.94885796826529
sub-02_ses-01_task-AcousStim_acq-RH_desc-raw,SG1D2E15,Dead,0.003123695840531525,0.0007704307737811367,0.49577702702702703,0.0040074373997897724,0.98641452222075,0.9701230859112118,0.9832908263802186,-0.4392639455533368,0.0031008998847045104,0.49746621621621623,0.004415682755785355,Dead,0.9861313478239354,0.983030447939231
sub-02_ses-01_task-AcousStim_acq-RH_desc-raw,SG1D2E21,Dead,0.029329573845372155,0.0009160358784935943,0.5684121621621622,0.0360143719190467,1.10659141991141,1.0410920995999948,1.077261846066038,-0.6698479372979814,0.030175115052631037,0.5641891891891891,0.03689276355985194,Dead,1.1049459510360538,1.0747708359834227
sub-02_ses-01_task-AcousStim_acq-RH_desc-raw,SG1D2E27,Dead,0.0352482745818857,0.0007114034611407594,0.5320945945945946,0.034720958989478516,1.0587156734339793,1.0334379007729613,1.0234673988520935,-0.28967200044681174,0.03653109767760357,0.5388513513513513,0.03602994638825503,Dead,1.0577073256938356,1.021176228016232
sub-02_ses-01_task-AcousStim_acq-RH_desc-raw,SG1D2E28,Dead,0.01938522171771938,0.0009940591593725417,0.5177364864864865,0.01811424094647495,1.0034766407160836,0.9566882161965812,0.984091418998364,0.009658956915845857,0.019994823320382847,0.5304054054054054,0.019272497366126778,Dead,1.0032054052810366,0.9832105819606538
sub-02_ses-01_task-AcousStim_acq-RH_desc-raw,SG1D2E22,Dead,0.005556980559428563,0.000736725000146014,0.5109797297297297,0.004942482181328548,1.0034526359399245,1.0005097607522457,0.9978956553804957,0.13874145037584323,0.005405230886312738,0.5059121621621622,0.004953919879243672,Dead,0.9989539993983184,0.9935487685120057
sub-02_ses-01_task-AcousStim_acq-RH_desc-raw,SG1D2E16,Dead,0.0029486476549688647,0.0009715607347813273,0.4907094594594595,0.0034946054027599604,0.9722870505606418,1.0154888416131926,0.969338402905673,-0.3321913109259666,0.0028769939394681166,0.4907094594594595,0.003843952750558284,Dead,0.9720652618586951,0.969188267919227
sub-02_ses-01_task-AcousStim_acq-RH_desc-raw,SG1D2E10,Dead,0.00930833183615786,0.0006200629031949684,0.5168918918918919,0.007121101125644754,1.013068373458744,0.9901665367315314,1.0037600416225863,-0.030647542798453647,0.009257890273430347,0.5160472972972973,0.008190359344252541,Dead,1.0153502191666048,1.0060923288931745
sub-02_ses-01_task-AcousStim_acq-RH_desc-raw,SG1D2E4,Dead,0.0013912545078998727,0.0009328942929569077,0.49746621621621623,0.004760362860317484,1.0093728920154652,1.0289989777226713,1.0079816375075654,-0.5415138312160548,0.0013677421693592288,0.4907094594594595,0.005068848726836666,Dead,0.9991072037208488,0.9977394615514896
sub-02_ses-01_task-AcousStim_acq-RH_desc-raw,SG1D2E32,Dead,0.001957864817249602,0.0007335803640448196,0.4983108108108108,0.006702068101420145,0.9957988829105657,0.9647884624790052,0.9938410180933162,-0.29734116174708985,0.0019153984774986916,0.5025337837837838,0.007261767845952579,Dead,0.9952963951298701,0.9933809966523713
sub-02_ses-01_task-AcousStim_acq-RH_desc-raw,SG1D2E29,Dead,0.0005336431949011248,0.0008213189849082019,0.4814189189189189,0.004585140847041187,1.0037112532651986,1.040504736676656,1.0031776100702974,0.0635541032130922,0.00046927243272472754,0.4822635135135135,0.004783618330402636,Dead,0.9972506820222661,0.9967814095895414
sub-02_ses-01_task-AcousStim_acq-RH_desc-raw,SG1D2E30,Dead,0.001733373693161529,0.0009701793539324085,0.5168918918918919,0.005952289080417227,1.019166429258107,1.0283349627476228,1.0174330555649456,0.11448847159587873,0.0017604016983278467,0.5160472972972973,0.007073193522169786,Dead,1.0188080543567868,1.0170476526584589
sub-02_ses-01_task-AcousStim_acq-RH_desc-raw,SG1D2E23,Dead,0.0010240903275141242,0.0008474659274634515,0.5050675675675675,0.00705359221890077,1.0251474575574078,1.0059271964359744,1.0241233672298937,-0.31786187109197755,0.0008693960386766306,0.5118243243243243,0.007295741406798453,Dead,1.0231241573258194,1.0222547612871429
sub-02_ses-01_task-AcousStim_acq-RH_desc-raw,SG1D2E24,Dead,0.0050689698196186616,0.0011114252911259292,0.5016891891891891,0.008772541545144705,1.0102835246240784,1.2587309168981822,1.0052145548044595,-0.10193543696059726,0.005220707972467655,0.49577702702702703,0.00898084878280891,Dead,1.0072534210492194,1.002032713076752
sub-02_ses-01_task-AcousStim_acq-RH_desc-raw,SG1D2E17,Dead,0.0004569744656782201,0.0008493338022133612,0.5430743243243243,0.003351659935132283,1.0725365631034929,1.0282043078854464,1.0720795886378147,-0.12197476845032462,0.0004189425258411791,0.5422297297297297,0.0033046371101328365,Dead,1.0697833535531418,1.0693644110273006
sub-02_ses-01_task-AcousStim_acq-RH_desc-raw,SG1D2E18,Dead,0.004330414550809724,0.0006642593973068519,0.5059121621621622,0.00950428611091289,1.0432382976683956,1.0147489204695432,1.0389078831175858,-0.12560487087781644,0.004560836149508451,0.5135135135135135,0.009769909480170171,Dead,1.0420248635917528,1.0374640274422446
sub-02_ses-01_task-AcousStim_acq-RH_desc-raw,SG1D2E11,Dead,0.0006794303453052144,0.0007589673527579645,0.5236486486486487,0.004196671142102552,1.0225937848740487,1.0243286954515025,1.0219143545287435,-0.11956513560361665,0.0006881539901217188,0.5304054054054054,0.0048750148132818,Dead,1.0210848836223863,1.0203967296322645
sub-02_ses-01_task-AcousStim_acq-RH_desc-raw,SG1D2E12,Dead,0.0012655728703407558,0.0017866412751871134,0.5135135135135135,0.0032181286904540214,1.0211331499370275,1.6218268757869914,1.0198675770666867,-0.3884835670177776,0.0010316888887951924,0.5211148648648649,0.004240919025857445,Dead,1.0108039087878886,1.0097722198990935
sub-02_ses-01_task-AcousStim_acq-RH_desc-raw,SG1D2E5,Dead,0.00045402814425571283,0.0008489430450055157,0.49915540540540543,0.0034376560498764475,0.9913220322022005,0.9932262087547844,0.9908680040579447,-0.27902488538503495,0.0004445509442128497,0.504222972972973,0.003845348834451992,Dead,0.9932879213492188,0.9928433704050059
sub-02_ses-01_task-AcousStim_acq-RH_desc-raw,SG1D2E6,Dead,0.0009254056413585699,0.0009197779825033614,0.53125,0.006157776226985751,1.0266161670108844,1.0791908941672579,1.0256907613695259,-0.4438281797692818,0.0008871370865518354,0.5380067567567568,0.00654492389963302,Dead,1.0266177733529196,1.0257306362663676
sub-02_ses-02_task-AcousStim_acq-LH_desc-raw,SG1D1E1,Dead,0.0021549290108878903,0.0004639532009166426,0.46308724832214765,0.0066409720589832135,0.9820103042770447,0.9666593644651883,0.9798553752661567,-0.3979654858391735,0.002062048120425373,0.46308724832214765,0.0068961763404032156,Dead,0.9762378463904845,0.9741757982700592
sub-02_ses-02_task-AcousStim_acq-LH_desc-raw,SG1D1E8,Dead,0.0027859516672753743,0.0005352759385109832,0.4899328859060403,0.007536156548894479,0.9965734179606841,0.9919562710741197,0.9937874662934089,-0.34460965860807635,0.002844344950777813,0.49561177077955604,0.008158261047136111,Dead,0.9948204772364265,0.9919761322856487
sub-02_ses-02_task-AcousStim_acq-LH_desc-raw,SG1D1E16,Dead,0.005026635763192017,0.0004156678711672282,0.5157459989674755,0.012098912317761674,1.0151521814323647,1.0272154027931242,1.010125545669173,0.6869136609122964,0.0052535580478692894,0.5162622612287042,0.013396183186635163,Dead,1.0123442668627038,1.0070907088148344
sub-02_ses-02_task-AcousStim_acq-LH_desc-raw,SG1D1E21,Dead,0.009828548994484583,0.0005368939341145817,0.4811564274651523,0.01890777619158604,0.9886312012436415,0.9627344401349073,0.9788026522491569,0.6417431574519088,0.010278220693709544,0.4821889519876097,0.019668536671098986,Dead,0.9893405432638728,0.9790623225701632
sub-02_ses-02_task-AcousStim_acq-LH_desc-raw,SG1D1E9,Dead,0.013758396064692813,0.0005518759626646771,0.4899328859060403,0.014696588467283925,1.0138892897010763,1.0026283148496784,1.0001308936363835,0.3865688678415,0.014120794252794893,0.48683531233866806,0.014853947042211055,Dead,1.0184123739170865,1.0042915796642915
sub-02_ses-02_task-AcousStim_acq-LH_desc-raw,SG1D1E5,Dead,0.013112373836116678,0.0004800359777259837,0.4212700051626226,0.024224924580251796,0.8626434500659494,0.8624620911642821,0.8495310762298328,0.10921164196215055,0.013239195349753118,0.42178626742385134,0.02476711721880615,Dead,0.8701065208201365,0.8568673254703834
sub-02_ses-02_task-AcousStim_acq-LH_desc-raw,SG1D1E17,Dead,0.041048433281531564,0.00042820766141599484,0.4661848218895199,0.047072175684203,0.9617196110551933,0.9526591821469649,0.9206711777736617,0.7411559807998339,0.04176127566067374,0.46411977284460504,0.04784460672482122,Dead,0.9599330525356876,0.918171776875014
sub-02_ses-02_task-AcousStim_acq-LH_desc-raw,SG1D1E22,Dead,0.03601262501665893,0.0004364760854205467,0.42694889003613834,0.04186151138569538,0.9013164074678216,0.9627950701952068,0.8653037824511627,0.6664181765248832,0.03661799527697894,0.431078988125968,0.042763720239294534,Dead,0.9005115321702594,0.8638935368932805
sub-02_ses-02_task-AcousStim_acq-LH_desc-raw,SG1D1E2,Dead,0.009286207449485656,0.0005006253400758287,0.453794527620031,0.013113255887472681,0.9332237367770275,0.9554850280768146,0.9239375293275418,-0.004840263648515391,0.009223905379995219,0.4579246257098606,0.01343204042418148,Dead,0.9350347685588883,0.925810863178893
sub-02_ses-02_task-AcousStim_acq-LH_desc-raw,SG1D1E14,Dead,0.04230827623324815,0.0005065695246878802,0.44966442953020136,0.044566621248122724,0.9358795250314427,0.9294017565449905,0.8935712487981946,0.5360712994976063,0.042806351664513145,0.44914816726897266,0.045402027308127826,Dead,0.9355422872615728,0.8927359355970598
sub-02_ses-02_task-AcousStim_acq-LH_desc-raw,SG1D1E10,Dead,0.033918429153445104,0.000544800978423463,0.44914816726897266,0.03946331729280519,0.9094452869865483,0.942385487175207,0.8755268578331031,0.350767370761324,0.034297933495347085,0.4532782653588023,0.040299745575397186,Dead,0.9118401382426692,0.8775422047473221
sub-02_ses-02_task-AcousStim_acq-LH_desc-raw,SG1D1E18,Dead,0.03317712290732626,0.0005443793912117153,0.4321115126484254,0.03728589544948202,0.8977912479892179,0.9040329839577808,0.8646141250818916,0.5901941205368743,0.03376507423740223,0.436241610738255,0.038063608209245176,Dead,0.8996634605677584,0.8658983863303562
sub-02_ses-02_task-AcousStim_acq-LH_desc-raw,SG1D1E6,Dead,0.024909577185149318,0.0005055790003460822,0.4228187919463087,0.03222658968117656,0.8669847033548469,0.9341490272856765,0.8420751261696976,0.22054521682178424,0.02520625171487145,0.43004646360351056,0.03303453824437578,Dead,0.8728468947846147,0.8476406430697433
sub-02_ses-02_task-AcousStim_acq-LH_desc-raw,SG1D1E11,Dead,0.036866431132866403,0.0005632110167404985,0.403200826019618,0.04671896629587968,0.8369783790434396,0.8968360491321875,0.8001119479105733,0.38688382379536096,0.0373505951762909,0.41300980898296336,0.04749108789141328,Dead,0.8424547743652275,0.8051041791889366
sub-02_ses-02_task-AcousStim_acq-LH_desc-raw,SG1D1E15,Dead,0.04098901325290629,0.000542207447705646,0.4114610221992772,0.048213808026448514,0.8601693306913036,0.8850007014967662,0.8191803174383974,0.4938315795884388,0.041535579623561816,0.4109447599380485,0.04893514998304404,Dead,0.8632768088886044,0.8217412292650426
sub-02_ses-02_task-AcousStim_acq-LH_desc-raw,SG1D1E3,Dead,0.013373205242162445,0.00047444130665360364,0.4574083634486319,0.01768712535094889,0.8983622601911686,0.984360409804385,0.8849890549490061,0.17570714031519966,0.013498145564564133,0.4574083634486319,0.01836258651282211,Dead,0.9025316214365713,0.8890334758720071
sub-02_ses-02_task-AcousStim_acq-LH_desc-raw,SG1D1E23,Dead,0.005921825619916036,0.0005064515655693847,0.4821889519876097,0.1253230468454012,0.9527961826221674,0.9945705405753736,0.9468743570022513,0.0947828371031349,0.00598802116062264,0.4821889519876097,0.15564043379824816,Dead,0.9540992977109672,0.9481112765503446
sub-02_ses-02_task-AcousStim_acq-LH_desc-raw,SG1D1E19,Dead,0.008444563987093699,0.00046807689538802197,0.3200826019617966,0.02713431728078568,0.7129938237348671,0.769776884758685,0.7045492597477735,0.019346696971505463,0.00877159737440771,0.3329891584925142,0.02780849858464034,Dead,0.7394208712250864,0.7306492738506787
sub-02_ses-02_task-AcousStim_acq-LH_desc-raw,SG1D1E7,Dead,0.023566102173780114,0.0004613665512502172,0.40939597315436244,0.031921743103648655,0.835534356939592,0.8988977220480477,0.8119682547658119,0.2914700449088858,0.023706065305204534,0.41300980898296336,0.032752316927811234,Dead,0.8382540791347449,0.8145480138295405
sub-02_ses-02_task-AcousStim_acq-LH_desc-raw,SG1D1E12,Dead,0.017418012629713504,0.00046647727228645865,0.3696437790397522,0.03741371645035106,0.8005618701973174,0.8048294610286308,0.7831438575676039,0.41652900723681463,0.01774991665711658,0.37222509034589574,0.03804602481674794,Dead,0.8102747778095608,0.7925248611524441
sub-02_ses-02_task-AcousStim_acq-LH_desc-raw,SG1D1E24,Dead,0.014060905052713938,0.00041872800870900237,0.4202374806401652,0.031095463462736447,0.8466853867069907,0.8635592615700927,0.8326244816542768,0.6788019956111166,0.014729975527566051,0.42591636551368095,0.03301336620201027,Dead,0.8633969131751907,0.8486669376476247
sub-02_ses-02_task-AcousStim_acq-LH_desc-raw,SG1D1E20,Dead,0.011564464793830194,0.0004917487863849171,0.36654620547238,0.02803005333831655,0.8056481619764263,0.7327889173417205,0.7940836971825961,0.04998411459740845,0.011849479923762597,0.37532266391326796,0.02849651936200559,Dead,0.8204217236755901,0.8085722437518276
sub-02_ses-02_task-AcousStim_acq-LH_desc-raw,SG1D1E13,Dead,0.0043163611295875684,0.0004617634915471962,0.41300980898296336,0.012431311014822198,0.8463096465459246,0.7095603420783595,0.841993285416337,0.022436688597350103,0.0043752040533108225,0.4161073825503356,0.01296808584780219,Dead,0.8487691151450795,0.8443939110917685
sub-02_ses-02_task-AcousStim_acq-LH_desc-raw,SG1D1E4,Dead,0.00650821743702923,0.0004561490676290305,0.4553433144037171,0.01046026636483281,0.9209567944384329,1.0819252720473609,0.9144485770014038,0.3081108775418074,0.006596751576451363,0.46411977284460504,0.010879967864499181,Dead,0.9221288374018085,0.9155320858253572
sub-02_ses-02_task-AcousStim_acq-RH_desc-raw,SG1D2E1,Dead,0.0024282330582843696,0.0005753448029897732,0.47496128033040785,0.04369178990466712,0.9364838562752578,0.9707535112848382,0.9340556232169733,-0.06724979561831008,0.0026108202344985168,0.4775425916365514,0.03238508851102187,Dead,0.9292797079055882,0.9266688876710898
sub-02_ses-02_task-AcousStim_acq-RH_desc-raw,SG1D2E2,Dead,0.00295803351034202,0.00042068858252571295,0.4703149199793495,0.008338568901009579,0.9092947588585921,0.9466676253467163,0.9063367253482502,0.4002417960889338,0.0029511591235631654,0.4723799690242643,0.008130719441793905,Dead,0.9071896567591573,0.9042384976355942
sub-02_ses-02_task-AcousStim_acq-RH_desc-raw,SG1D2E7,Dead,0.002780065137327373,0.0003724728013520204,0.45947341249354673,0.009777558158421544,0.8932430441730175,0.9572190720048728,0.89046297903569,0.4299046170327583,0.0027855098840178093,0.4563758389261745,0.009515364794494358,Dead,0.8873231020936465,0.8845375922096288
sub-02_ses-02_task-AcousStim_acq-RH_desc-raw,SG1D2E8,Dead,0.0054526399745068975,0.00042929778323832563,0.45482705214248836,0.010996700301546248,0.8859041405669232,0.9481933496410146,0.8804515005924164,0.33878917385370694,0.0054650778213823515,0.4532782653588023,0.01089359261949414,Dead,0.8854298394227381,0.8799647616013558
sub-02_ses-02_task-AcousStim_acq-RH_desc-raw,SG1D2E13,Dead,0.004668032454465397,0.0004947362219136544,0.4770263293753227,0.007836308324751863,0.905883495854213,0.8419982259549339,0.9012154633997478,-0.04919773460285353,0.0048055620367111985,0.48631905007743936,0.008616388139798918,Dead,0.9224331494432291,0.917627587406518
sub-02_ses-02_task-AcousStim_acq-RH_desc-raw,SG1D2E14,Dead,0.010113577585292006,0.00047261979862463184,0.41817243159525036,0.016904525453833946,0.8479245369065614,0.9312500839071264,0.8378109593212695,0.3149902911659619,0.010259425421197678,0.4186886938564791,0.01704312807234407,Dead,0.8494988659151822,0.8392394404939845
sub-02_ses-02_task-AcousStim_acq-RH_desc-raw,SG1D2E19,Dead,0.007721191705413556,0.00042220029965795347,0.43779039752194115,0.051929169069903615,0.8851424738440475,0.9713222291006851,0.877421282138634,-0.13511224011889794,0.008244312842139301,0.4238513164687661,0.04960786398836026,Dead,0.8741601729070116,0.8659158600648723
sub-02_ses-02_task-AcousStim_acq-RH_desc-raw,SG1D2E20,Dead,0.012521905390597346,0.0004243675205694989,0.3820340733092411,0.0210408602255079,0.8039981670421688,0.8916686794486746,0.7914762616515715,0.3497086502167155,0.012762612195348265,0.3871966959215281,0.02119139794300801,Dead,0.81059478007522,0.7978321678798719
sub-02_ses-02_task-AcousStim_acq-RH_desc-raw,SG1D2E25,Dead,0.011402077831989746,0.0003736454230560866,0.3913267940113578,0.015415678862693398,0.8173526757530778,0.9212132439233746,0.8059505979210881,0.31648480100030224,0.0117641835624181,0.40061951471347446,0.015420783426419527,Dead,0.8250801010744677,0.8133159175120496
sub-02_ses-02_task-AcousStim_acq-RH_desc-raw,SG1D2E26,Dead,0.013413632285014816,0.00044458746403024964,0.37532266391326796,0.021481210115486992,0.788771898392827,0.9125221527199635,0.7753582661078121,0.3453970261905972,0.013772710513485375,0.37687145069695405,0.02174368792186763,Dead,0.7961933375764928,0.7824206270630074
sub-02_ses-02_task-AcousStim_acq-RH_desc-raw,SG1D2E31,Dead,0.01681090055733691,0.0003506421261480944,0.36499741868869384,0.02291457261281163,0.7814287931763885,0.8439158678552163,0.7646178926190516,0.32629800106417267,0.01733850879564979,0.3691275167785235,0.023235444294619035,Dead,0.7902549343112846,0.7729164255156348
sub-02_ses-02_task-AcousStim_acq-RH_desc-raw,SG1D2E3,Dead,0.0037380869072277524,0.00042379336119379883,0.481672689726381,0.007650129536530089,0.9320861174502286,0.9453625310653213,0.9283480305430009,0.24918090925002132,0.0037453159804489164,0.47599380485286524,0.007493597061348632,Dead,0.930385233761517,0.9266399177810681
sub-02_ses-02_task-AcousStim_acq-RH_desc-raw,SG1D2E9,Dead,0.008779217768443764,0.00047482149922847177,0.45844088797108934,0.0231094782532356,0.9067587876000565,0.9479096515241379,0.8979795698316126,0.09550622451574083,0.008995181160420682,0.45895715023231803,0.019774004353283504,Dead,0.9039908003770362,0.8949956192166155
sub-02_ses-02_task-AcousStim_acq-RH_desc-raw,SG1D2E15,Dead,0.013908165308371226,0.00043089355016346135,0.43933918430562724,0.019091664985369357,0.860358001394012,0.9350231263441335,0.8464498360856408,0.3554649374388029,0.01405479412684757,0.43933918430562724,0.019179114662331402,Dead,0.8628244511467787,0.8487696570199312
sub-02_ses-02_task-AcousStim_acq-RH_desc-raw,SG1D2E21,Dead,0.01859858198229203,0.000440728630785551,0.40939597315436244,0.023892390274930085,0.8384967391395516,0.9250647935235975,0.8198981571572596,0.3281363706876529,0.01888046895213067,0.41249354672173466,0.02365567752309361,Dead,0.8406590085761563,0.8217785396240256
sub-02_ses-02_task-AcousStim_acq-RH_desc-raw,SG1D2E27,Dead,0.01912938364350732,0.00040076531865300923,0.37738771295818274,0.024106017920491767,0.7990486435514162,0.9106491646956012,0.7799192599079089,0.3938005153352811,0.019475505179107188,0.38513164687661333,0.024405576541533143,Dead,0.8053010071132317,0.7858255019341245
sub-02_ses-02_task-AcousStim_acq-RH_desc-raw,SG1D2E28,Dead,0.017312671743332203,0.0005573292792039819,0.45069695405265875,0.02229855728626381,0.9034555720479577,0.9490878341794999,0.8861429003046255,0.3040679946991794,0.017669390293703218,0.4408879710893134,0.02055579052418811,Dead,0.9006811919808778,0.8830118016871746
sub-02_ses-02_task-AcousStim_acq-RH_desc-raw,SG1D2E22,Dead,0.0008707970203677496,0.0005243789345011233,0.49612803304078473,0.11868816753202062,1.0166264948562058,0.9967334508374437,1.0157556978358382,0.14410214419210599,0.0006758801356664342,0.48683531233866806,0.1444118067911944,Dead,1.0050961296309397,1.0044202494952734
sub-02_ses-02_task-AcousStim_acq-RH_desc-raw,SG1D2E16,Dead,0.011385500775720848,0.00043570375606882025,0.4475993804852865,0.015285382956865613,0.8919675793786156,0.9489014146859676,0.8805820786028947,0.3367816960626368,0.011480075641842332,0.4527620030975736,0.0153541409494644,Dead,0.893835134797314,0.8823550591554717
sub-02_ses-02_task-AcousStim_acq-RH_desc-raw,SG1D2E10,Dead,0.006774192593320399,0.00045392654350764086,0.45947341249354673,0.010670070231565798,0.9140029374559143,0.9708558290027398,0.907228744862594,0.2832300280718388,0.006807538349927799,0.4651522973670625,0.01066873542206716,Dead,0.9150546243987285,0.9082470860488007
sub-02_ses-02_task-AcousStim_acq-RH_desc-raw,SG1D2E4,Dead,0.003679531778559305,0.0004627154133962748,0.4801239029426949,0.00827910382978683,0.948325451068682,0.9780147404961088,0.9446459192901228,0.058034869218720635,0.003758207738815199,0.481672689726381,0.008267359704348142,Dead,0.9462779889343291,0.9425197811955139
sub-02_ses-02_task-AcousStim_acq-RH_desc-raw,SG1D2E32,Dead,0.006836413308753543,0.0005387508047038439,0.4821889519876097,0.00882696354592679,0.9616140003842742,0.9557790038258797,0.9547775870755207,0.3688241285838888,0.007104801458139991,0.47909137842023747,0.009415105058754246,Dead,0.9630006495055955,0.9558958480474555
sub-02_ses-02_task-AcousStim_acq-RH_desc-raw,SG1D2E29,Dead,0.008021222250231951,0.000504932566873341,0.4703149199793495,0.00971987926034866,0.9442377359450496,0.9451714146763655,0.9362165136948176,0.34004063033769943,0.008144928057195916,0.467733608673206,0.010104863866488557,Dead,0.9447971474099959,0.9366522193527999
sub-02_ses-02_task-AcousStim_acq-RH_desc-raw,SG1D2E30,Dead,0.0012082700283928792,0.0005140028559091984,0.49870934434692826,0.004950616734795762,0.9581817089157405,0.9351301569285719,0.9569734388873476,0.3887396982017344,0.0012507146875889539,0.49612803304078473,0.005699510687348913,Dead,0.959853801118367,0.9586030864307781
sub-02_ses-02_task-AcousStim_acq-RH_desc-raw,SG1D2E23,Dead,0.007829337690349058,0.00048046291087727104,0.4579246257098606,0.009813805592077252,0.9235189724529677,0.9522270314496774,0.9156896347626187,0.2922383052445183,0.00792199211639815,0.46153846153846156,0.010006789394591879,Dead,0.9242901086815273,0.9163681165651292
sub-02_ses-02_task-AcousStim_acq-RH_desc-raw,SG1D2E24,Dead,0.002365732355167317,0.0005109045480585924,0.4899328859060403,0.004490229709960184,0.937306056325524,0.9179036388421606,0.9349403239703568,0.1851495536068427,0.002442906120254702,0.4940629839958699,0.005143593738423493,Dead,0.9404866915354753,0.9380437854152206
sub-02_ses-02_task-AcousStim_acq-RH_desc-raw,SG1D2E17,Dead,0.005900203864788168,0.0004850532501212929,0.46205472379969026,0.009408601227190115,0.9100609144645789,0.9663926368128766,0.9041607105997908,0.285339620500312,0.005935238582028428,0.4656685596282912,0.009587414632783627,Dead,0.9111088594266219,0.9051736208445934
sub-02_ses-02_task-AcousStim_acq-RH_desc-raw,SG1D2E18,Dead,0.0011911827177638107,0.0005385239778316119,0.49199793495095506,0.004453358181743362,0.9394857815759666,0.9199430727255424,0.9382945988582029,0.33484548765920846,0.0011909220122039552,0.490449148167269,0.004980592023734246,Dead,0.9455216136545675,0.9443306916423636
sub-02_ses-02_task-AcousStim_acq-RH_desc-raw,SG1D2E11,Dead,0.0038133418844593647,0.0005129304354254527,0.47960764068146616,0.007709527337071426,0.9295465085035847,1.0073133270115846,0.9257331666191253,0.2302477074071098,0.0038123663090095326,0.4775425916365514,0.007800935977949191,Dead,0.929868832444198,0.9260564661351884
sub-02_ses-02_task-AcousStim_acq-RH_desc-raw,SG1D2E12,Dead,0.001200343991538815,0.00044932157026096077,0.4981930820856995,0.005562287079197938,0.9612977383297753,1.0456894473401828,0.9600973943382364,-0.030160886855455,0.0011703579102317464,0.4950955085183273,0.006308884193959377,Dead,0.9620969296479638,0.9609265717377321
sub-02_ses-02_task-AcousStim_acq-RH_desc-raw,SG1D2E5,Dead,0.0022742094548642688,0.000497792910745586,0.48425400103252453,0.006636795493747316,0.947741018226443,1.0082861501350646,0.9454668087715787,0.1543369175271254,0.002263816249778425,0.4847702632937532,0.006738895427405898,Dead,0.9476277178983473,0.9453639016485689
sub-02_ses-02_task-AcousStim_acq-RH_desc-raw,SG1D2E6,Dead,0.0008229718180493282,0.0005606574211415958,0.48631905007743936,0.004053076370528335,0.9719136659759074,0.9850110089157879,0.9710906941578581,-0.036248500340652634,0.0007578086703796211,0.4852865255549819,0.005388055798338484,Dead,0.9668269746950319,0.9660691660246523
sub-03_ses-01_task-AcousStim_acq-LH_desc-raw,SG1D1E1,Dead,0.007074873228707871,0.0006584298593557037,0.5675827257431295,0.04526850354420098,1.0947780009896209,1.089136262145838,1.0877031277609128,-0.27947938685229906,0.007440556831890052,0.569826135726304,0.04515808065966216,Dead,1.1104802225648565,1.1030396657329664
sub-03_ses-01_task-AcousStim_acq-LH_desc-raw,SG1D1E8,Dead,0.019921536684252263,0.0007008320464804293,0.5614133482893999,0.027950380273489228,1.02978913212013,1.0211541754560607,1.0098675954358778,-0.06902804866447859,0.0212766419512572,0.5664610207515424,0.029549022412029054,Dead,1.034572653181972,1.0132960112307146
sub-03_ses-01_task-AcousStim_acq-LH_desc-raw,SG1D1E16,Dead,0.02960616994205518,0.0020075243855878677,0.556926528323051,0.06095219959971064,1.1697346621337754,1.4304833025566075,1.14012849219172,-0.0075332605158291,0.03066881485400816,0.5530005608524958,0.06296196911332741,Dead,1.1703155745879998,1.1396467597339914
sub-03_ses-01_task-AcousStim_acq-LH_desc-raw,SG1D1E21,Dead,0.022660460883020983,0.0011867619655802498,0.5524397083567022,0.03848499907544484,1.1389441471244266,0.9934079489708486,1.1162836862414056,-0.36677487190396996,0.023510008475437362,0.5552439708356702,0.03911270361604896,Dead,1.1465274981396545,1.1230174896642173
sub-03_ses-01_task-AcousStim_acq-LH_desc-raw,SG1D1E9,Dead,0.018657628370870604,0.0005737238394947106,0.5916993830622547,0.018546790674740767,1.2090694915922335,1.0430905393213796,1.190411863221363,0.2571364631066707,0.01986592865864973,0.5995513180033651,0.018999584661920105,Dead,1.2211327595665558,1.201266830907906
sub-03_ses-01_task-AcousStim_acq-LH_desc-raw,SG1D1E5,Dead,0.017382682693772668,0.0015239335143144067,0.6376892877173304,0.06093771410677172,1.3931345374179593,1.3695092967546367,1.3757518547241867,-0.11170599118103379,0.018438899907487562,0.6320807627593943,0.06194588987922563,Dead,1.4039621512879605,1.385523251380473
sub-03_ses-01_task-AcousStim_acq-LH_desc-raw,SG1D1E17,Dead,0.039382644268811724,0.000664196978866792,0.5288839035333707,0.05015961968161653,1.21374512779723,0.9671623987340418,1.174362483528418,0.0910660957431117,0.040129967179898585,0.5316881660123387,0.05152845101068516,Dead,1.2197781486064092,1.1796481814265107
sub-03_ses-01_task-AcousStim_acq-LH_desc-raw,SG1D1E22,Dead,0.04203634311410459,0.035815943972211065,0.604038137969714,0.08315821157052655,1.3630501831275559,4.683405593287218,1.3210138400134512,-0.316846772667311,0.04242831860166015,0.5956253505328098,0.07740680097296326,Dead,1.33439317627539,1.2919648576737297
sub-03_ses-01_task-AcousStim_acq-LH_desc-raw,SG1D1E2,Dead,0.06915648602731594,0.0006374642434243807,0.6152551878855861,0.07916385474113045,1.6152154828296166,1.0216235339404451,1.5460589968023006,0.23263736744313254,0.07092393837628257,0.6186203028603477,0.08101053032350232,Dead,1.630930040570443,1.5600061021941605
sub-03_ses-01_task-AcousStim_acq-LH_desc-raw,SG1D1E14,Dead,0.05065466469678175,0.011620724620916805,0.6421761076836792,0.2360811139155006,1.484498375104459,3.402453204103869,1.433843710407677,-0.8573673375845688,0.05270407096506533,0.6343241727425687,0.2424335390304393,Dead,1.4860090623738464,1.4333049914087812
sub-03_ses-01_task-AcousStim_acq-LH_desc-raw,SG1D1E10,Dead,0.04801322385721547,0.0015369081399914642,0.6113292204150308,0.10641279726617772,1.8026415596306813,1.2710915153847557,1.7546283357734658,0.023688358772270362,0.04947428469634678,0.6001121704991588,0.1002472649281331,Dead,1.8196785037729453,1.7702042190765983
sub-03_ses-01_task-AcousStim_acq-LH_desc-raw,SG1D1E18,Dead,0.04931869641077047,0.0013686723799561388,0.6500280426247896,0.09206738671541788,1.6941709727960568,1.28036428814769,1.6448522763852864,0.06499755342295656,0.05006141717496284,0.6427369601794728,0.09210687820822983,Dead,1.697789840631119,1.6477284234561562
sub-03_ses-01_task-AcousStim_acq-LH_desc-raw,SG1D1E6,Dead,0.011162677412399707,0.0007495518056050421,0.5967470555243971,0.11819281760942019,1.164045537388658,1.0446764783953209,1.1528828599762584,-0.7757298365192468,0.011925509000707803,0.5832865956253506,0.10872520029413513,Dead,1.1793186767112351,1.1673931677105274
sub-03_ses-01_task-AcousStim_acq-LH_desc-raw,SG1D1E11,Dead,0.03552231218618801,0.0006124131003982084,0.5872125630959057,0.055126458240880596,1.1860254600367623,1.0050238742766058,1.1505031478505743,-0.5381925341189114,0.03855050299188151,0.5922602355580482,0.05825529371354087,Dead,1.204359198140508,1.1658086951486266
sub-03_ses-01_task-AcousStim_acq-LH_desc-raw,SG1D1E15,Dead,0.00865867726986546,0.0012404204291023653,0.5838474481211441,0.030213450135882346,1.1917684725343496,2.085857095663032,1.183109795264484,-0.3534437030961793,0.00897519366915684,0.5748738081884465,0.03153313409764306,Dead,1.179236066209619,1.1702608725404622
sub-03_ses-01_task-AcousStim_acq-LH_desc-raw,SG1D1E3,Dead,0.12376819230647818,0.000702496107411713,0.6371284352215367,0.18172229824338287,2.1125654645959804,1.4774564739991731,1.988797272289502,0.18276952247245168,0.12765615842409822,0.6427369601794728,0.18598363925775843,Dead,2.141554527647184,2.0138983692230856
sub-03_ses-01_task-AcousStim_acq-LH_desc-raw,SG1D1E23,Dead,0.11178618777785762,0.0013143336998925137,0.6685361749859787,0.2542854060785416,2.3221770479108104,2.80224044759607,2.2103908601329527,0.6915842163013549,0.11678049479255476,0.6674144699943915,0.2648262689077846,Dead,2.339838128558804,2.223057633766249
sub-03_ses-01_task-AcousStim_acq-LH_desc-raw,SG1D1E19,Dead,0.1059034733144548,0.0007879922473651878,0.5810431856421762,0.16939935774977238,1.9845502584047425,1.157020411592061,1.8786467850902877,0.5172442039713878,0.11066824549171103,0.5765563656758272,0.1744754182289602,Dead,2.0132448081920664,1.9025765627003555
sub-03_ses-01_task-AcousStim_acq-LH_desc-raw,SG1D1E7,Dead,0.08068822869302494,0.001931445647048302,0.6634885025238362,0.10486110887790286,1.6227466417145486,1.4529946177717854,1.5420584130215236,0.09334108611668471,0.08363776382770934,0.6606842400448683,0.10774808751808197,Dead,1.625796304336065,1.5421585405083558
sub-03_ses-01_task-AcousStim_acq-LH_desc-raw,SG1D1E12,Dead,0.1630593867195582,0.001246685362195953,0.6848008973639933,0.21743427467741633,2.1180726236515834,1.2449479479644923,1.9550132369320252,0.4263319136425209,0.17040980209755505,0.6876051598429613,0.22463095688746024,Dead,2.152817834970372,1.9824080328728173
sub-03_ses-01_task-AcousStim_acq-LH_desc-raw,SG1D1E24,Dead,0.018257725254645966,0.0006857735897788164,0.5866517106001121,0.034884653454132754,1.2691663182229327,1.0697280966505374,1.2509085929682868,0.2036142436767334,0.019201477394803126,0.6034772854739203,0.036347899690878184,Dead,1.282316412205478,1.263114934810675
sub-03_ses-01_task-AcousStim_acq-LH_desc-raw,SG1D1E20,Dead,0.009616839793884894,0.0005962672974348928,0.5602916432978127,0.014969199395043046,1.1436448652435154,1.0348595767741329,1.1340280254496304,0.5114827671655667,0.010391619115006844,0.5653393157599551,0.015121308284564658,Dead,1.1790174170357606,1.168625797920754
sub-03_ses-01_task-AcousStim_acq-LH_desc-raw,SG1D1E13,Dead,0.019765983663274273,0.00141236371047934,0.5737521031968592,0.0463508101563894,1.063339785486525,1.0806649415414145,1.0435738018232505,-0.5989166189241945,0.02019022734472277,0.5681435782389231,0.04687393981313138,Dead,1.0437609874493274,1.0235707601046047
sub-03_ses-01_task-AcousStim_acq-LH_desc-raw,SG1D1E4,Dead,0.010523023806948861,0.0010565447307237601,0.5743129556926528,0.03168371300259336,1.0363815214843592,0.9818786496464348,1.0258584976774103,-0.15638976098922872,0.010953538413035941,0.5743129556926528,0.03150434208704087,Dead,1.029329101607059,1.018375563194023
sub-03_ses-01_task-AcousStim_acq-RH_desc-raw,SG1D2E1,Dead,0.0016017219933039918,0.0007544645935050197,0.4806022003474233,0.008746160234299253,0.9664952851079999,1.013302207871167,0.9648935631146958,-0.6090156122770394,0.001677325390683826,0.48176027793862186,0.00878757254096204,Dead,0.9694329596449495,0.9677556342542656
sub-03_ses-01_task-AcousStim_acq-RH_desc-raw,SG1D2E2,Dead,0.0006795800181502568,0.0006437322052353281,0.4898668210770122,0.005961857869766781,0.9925497834731267,0.9572878671673855,0.9918702034549765,-0.06061166752255243,0.0006565415172231573,0.4898668210770122,0.00584927173255275,Dead,0.9862264829513239,0.9855699414341007
sub-03_ses-01_task-AcousStim_acq-RH_desc-raw,SG1D2E7,Dead,0.006761056169709492,0.0021347665403772444,0.506658946149392,0.018718736871186418,1.0187883542253853,1.2452466438267782,1.012027298055676,-0.8610757184684698,0.006907764629788649,0.5060799073537927,0.01933069081482223,Dead,1.0110454370894122,1.0041376724596236
sub-03_ses-01_task-AcousStim_acq-RH_desc-raw,SG1D2E8,Dead,0.0016761569626890813,0.0007122452879201894,0.5170816444701795,0.007668062211828143,0.9955577286917756,1.0422199355613777,0.9938815717290865,0.09037475360816338,0.0016622430596065728,0.5170816444701795,0.008028655277825817,Dead,0.9861392812328728,0.9844770381732662
sub-03_ses-01_task-AcousStim_acq-RH_desc-raw,SG1D2E13,Dead,0.004889566391791821,0.002373255366368049,0.5657209033005212,0.05669577475349305,1.028277265183738,1.2115383970597657,1.0233876987919461,-0.45934018454378,0.004975790531862377,0.5610885929357267,0.058473958412510185,Dead,1.0178415906787674,1.012865800146905
sub-03_ses-01_task-AcousStim_acq-RH_desc-raw,SG1D2E14,Dead,0.004605979381159138,0.002447244710156314,0.5228720324261725,0.033311697201977575,1.0460828637306574,1.2914121699339984,1.0414768843494981,-0.8398062738416233,0.004851793414997743,0.5269253039953677,0.03496862358829212,Dead,1.0435607613762388,1.0387089679612411
sub-03_ses-01_task-AcousStim_acq-RH_desc-raw,SG1D2E19,Dead,0.030655402750767186,0.0038075988333993813,0.5344528083381587,0.0891721646689309,1.2558844542103527,1.669014583145384,1.2252290514595856,-0.5689843454141349,0.03169411165868278,0.5321366531557614,0.095169009771579,Dead,1.2625662962319715,1.2308721845732888
sub-03_ses-01_task-AcousStim_acq-RH_desc-raw,SG1D2E20,Dead,0.012293334491338896,0.0008602337286549032,0.4829183555298205,0.02377924372533573,1.1243887961238568,1.0844768922081431,1.1120954616325178,-0.3238970634327809,0.01281155591211009,0.4863925883034163,0.02471864231918477,Dead,1.1300370547228384,1.1172254988107284
sub-03_ses-01_task-AcousStim_acq-RH_desc-raw,SG1D2E25,Dead,0.025478693345431503,0.0013871649547505546,0.4696004632310365,0.062308178054948746,1.1177228505038155,1.1133226885728587,1.092244157158384,0.24853030523575018,0.02600387717612981,0.46844238563983787,0.06385931526902122,Dead,1.1248490109217384,1.0988451337456087
sub-03_ses-01_task-AcousStim_acq-RH_desc-raw,SG1D2E26,Dead,0.024524150102457908,0.002652102286023753,0.5176606832657789,0.06542796978274672,1.1212950055965218,1.3403256301102142,1.0967708554940638,-0.33492128106269153,0.02534679271235175,0.5141864504921829,0.0698851770774057,Dead,1.1220440455184375,1.0966972528060857
sub-03_ses-01_task-AcousStim_acq-RH_desc-raw,SG1D2E31,Dead,0.0011445935022149705,0.0008910028493587118,0.48176027793862186,0.003208672649915147,0.9810587527628778,1.099298016271222,0.9799141592606628,-0.007822221975386102,0.0012192009982339692,0.4788650839606254,0.0029582837478851795,Dead,0.9720465528894425,0.9708273518912085
sub-03_ses-01_task-AcousStim_acq-RH_desc-raw,SG1D2E3,Dead,0.019735669487518467,0.0005250588254441372,0.45396641574985525,0.0677828856608425,1.007205233362126,1.003981677021682,0.9874695638746076,0.6547836193595569,0.020156507471743346,0.4493341053850608,0.07063997390049301,Dead,1.0094729872131476,0.9893164797414042
sub-03_ses-01_task-AcousStim_acq-RH_desc-raw,SG1D2E9,Dead,0.061032753756727995,0.03916701093641731,0.5987261146496815,0.6905210474439628,1.4643431747684161,3.8956210928555715,1.403310421011688,-0.9379045685537797,0.061481644457945385,0.5906195715112913,0.6284587620819898,Dead,1.3788703335495196,1.3173886890915742
sub-03_ses-01_task-AcousStim_acq-RH_desc-raw,SG1D2E15,Dead,0.026670581869836577,0.00573082777062188,0.5332947307469601,0.09406069926983739,1.1971870791710237,1.6027949806839108,1.1705164973011872,-0.88674768886825,0.02763873140134264,0.540822235089751,0.09440843428778437,Dead,1.193472825103411,1.1658340937020684
sub-03_ses-01_task-AcousStim_acq-RH_desc-raw,SG1D2E21,Dead,0.019457397235233802,0.0023924915336487854,0.5118702953097858,0.0770937500170506,1.0790488879500473,1.2634530490296858,1.0595914907148134,-0.2761096505680151,0.019722524021794443,0.5118702953097858,0.07833192255253839,Dead,1.083553507068109,1.0638309830463146
sub-03_ses-01_task-AcousStim_acq-RH_desc-raw,SG1D2E27,Dead,0.012385357582488704,0.001459886750244228,0.629994209612044,0.27836175291029414,1.2264837322752822,1.0962986531134493,1.2140983746927934,-0.8909400574577272,0.012453308663490979,0.6236247828604516,0.28718697896299217,Dead,1.2192769326315025,1.2068236239680117
sub-03_ses-01_task-AcousStim_acq-RH_desc-raw,SG1D2E28,Dead,0.0501978174845176,0.001573828112264354,0.6189924724956573,0.11329837706866246,1.4077584428247207,1.5107236482654198,1.357560625340203,-0.42940322277643966,0.05225149976633254,0.6103068905616676,0.11778239625502407,Dead,1.403404290581425,1.3511527908150924
sub-03_ses-01_task-AcousStim_acq-RH_desc-raw,SG1D2E22,Dead,0.029251670407367154,0.0005179757160921081,0.5564562825709323,0.1415600814131292,1.1364804538726325,0.9384760438367956,1.1072287834652652,-0.18032366587302928,0.029762014488734976,0.5593514765489288,0.1459127095286457,Dead,1.1300955851868781,1.1003335706981432
sub-03_ses-01_task-AcousStim_acq-RH_desc-raw,SG1D2E16,Dead,0.0134290993648795,0.0007919767138403405,0.5506658946149392,0.027746865629682992,1.1311648705783237,1.0241634479013741,1.1177357712134444,-0.5250054039819697,0.013872146444801885,0.5535610885929357,0.028741025085221084,Dead,1.1332300768285946,1.1193579303837928
sub-03_ses-01_task-AcousStim_acq-RH_desc-raw,SG1D2E10,Dead,0.04300808651376026,0.0017339757702577014,0.609148812970469,0.1059758099492653,1.381187590751961,1.2521510024832163,1.3381795042382008,-0.6172191558341814,0.046300246752775456,0.6143601621308628,0.11256760714462877,Dead,1.4035728441647728,1.3572725974119972
sub-03_ses-01_task-AcousStim_acq-RH_desc-raw,SG1D2E4,Dead,0.008688717859230257,0.0009498584634094538,0.5026056745801969,0.016387074478112527,1.1053852039761796,0.9864453077297426,1.0966964861169493,-0.3265241081532263,0.009152834685136786,0.5037637521713955,0.0165487339325754,Dead,1.0987949014545286,1.0896420667693918
sub-03_ses-01_task-AcousStim_acq-RH_desc-raw,SG1D2E32,Dead,0.0008124903093310171,0.0007030724167664756,0.4811812391430226,0.0018555549300455422,0.9853253675876346,0.958211583439301,0.9845128772783036,-0.01718613084859554,0.0008324722640880515,0.4788650839606254,0.0018192762206368609,Dead,0.9724627604499556,0.9716302881858676
sub-03_ses-01_task-AcousStim_acq-RH_desc-raw,SG1D2E29,Dead,0.0015734975335501755,0.000716325125891843,0.5159235668789809,0.009151455462911086,1.0237750901722689,1.0315131533996722,1.0222015926387185,0.39837882350872034,0.0016207782107372454,0.5240301100173712,0.010098644794420257,Dead,1.0264696114142662,1.024848833203529
sub-03_ses-01_task-AcousStim_acq-RH_desc-raw,SG1D2E30,Dead,0.007347344800965775,0.0011756068159674289,0.5263462651997683,0.020166279103949497,1.1544451900061872,1.026398417864207,1.1470978452052214,-0.30684019345557595,0.007356828440384753,0.5228720324261725,0.020659422645158014,Dead,1.1486324228524896,1.1412755944121047
sub-03_ses-01_task-AcousStim_acq-RH_desc-raw,SG1D2E23,Dead,0.0009577682559349763,0.0008625715473053305,0.4898668210770122,0.00622816174126812,1.0212823184940203,1.0778577049572295,1.0203245502380853,-0.16055462741312532,0.0009974892864695942,0.4973943254198031,0.006740066950342804,Dead,1.0231080793307747,1.022110590044305
sub-03_ses-01_task-AcousStim_acq-RH_desc-raw,SG1D2E24,Dead,0.006759438067648037,0.0011651468195429462,0.554140127388535,0.017238402093061583,1.1241169930121775,1.0942991560946451,1.1173575549445294,-0.5170467936777735,0.00701066340595567,0.5581933989577301,0.017914532111274476,Dead,1.1303907633951173,1.1233800999891617
sub-03_ses-01_task-AcousStim_acq-RH_desc-raw,SG1D2E17,Dead,0.008252523507811175,0.0008621086492065857,0.49855240301100173,0.012089470680147837,1.039738246470124,1.0843297021751745,1.031485722962313,-0.5133045868467481,0.008594939661970329,0.5008685581933989,0.012598931316821788,Dead,1.0360158490830431,1.027420909421073
sub-03_ses-01_task-AcousStim_acq-RH_desc-raw,SG1D2E18,Dead,0.03953182467022498,0.0014017123409646945,0.5680370584829183,0.07375555159399946,1.26481989816692,1.0685716673460712,1.225288073496695,-0.8628991220267183,0.04179308304266161,0.5686160972785177,0.07665274989659054,Dead,1.2718810271394574,1.2300879440967958
sub-03_ses-01_task-AcousStim_acq-RH_desc-raw,SG1D2E11,Dead,0.005531223791131475,0.0020049363869915154,0.5002895193977996,0.008766211621490265,1.0392944101142991,1.2536252076446048,1.0337631863231678,-0.4912006808052554,0.005716137410370953,0.49623624782860454,0.008742776360230749,Dead,1.0274991359264003,1.0217829985160292
sub-03_ses-01_task-AcousStim_acq-RH_desc-raw,SG1D2E12,Dead,0.004034557950515045,0.0005905064278443506,0.4956572090330052,0.009463982966324145,1.0241321183013576,1.0116818335352853,1.0200975603508424,-0.4982387390787895,0.004053021658286684,0.4921829762594094,0.009863773019776293,Dead,1.0232248275987263,1.0191718059404395
sub-03_ses-01_task-AcousStim_acq-RH_desc-raw,SG1D2E5,Dead,0.0018583029566208381,0.0006839989493442472,0.47770700636942676,0.009125124017529086,1.029020803921561,1.1063631679016876,1.0271625009649399,-0.2525044783278222,0.0018662421290689553,0.4840764331210191,0.009329946366422552,Dead,1.0257920519997097,1.023925809870641
sub-03_ses-01_task-AcousStim_acq-RH_desc-raw,SG1D2E6,Dead,0.0012501397173464662,0.00044264190011691234,0.48755066589461493,0.004132254875912235,1.0107540901273062,1.0051705560315236,1.0095039504099599,-0.4617679054693902,0.0012426376070651139,0.48002316155182395,0.003859953133106573,Dead,1.0049964906934907,1.0037538530864254
sub-03_ses-03_task-AcousStim_acq-LHanest_desc-raw,SG1D1E1,Dead,0.011201040819726952,0.0004030082434300769,0.5157894736842106,0.020355452867541673,1.0532557848844433,1.0157693279537647,1.0420547440647163,0.7215532374040743,0.010584497185086623,0.5142490372272144,0.019463259076214868,Dead,1.0495361381667276,1.038951640981641
sub-03_ses-03_task-AcousStim_acq-LHanest_desc-raw,SG1D1E8,Dead,0.02187773365900215,0.000304955694432799,0.5096277278562259,0.03839620378751804,1.0194733290963076,1.0375354692696719,0.9975955954373055,0.6684154528408718,0.02147960667789708,0.507573812580231,0.03782229113141364,Dead,1.0156713259162882,0.994191719238391
sub-03_ses-03_task-AcousStim_acq-LHanest_desc-raw,SG1D1E16,Dead,0.004195217192862293,0.0003396192140772263,0.4878048780487805,0.00954960115543167,0.9791619584961083,0.9842405760894702,0.974966741303246,0.3806162326551961,0.003911608488940166,0.48729139922978176,0.009684198065581146,Dead,0.9788161173472082,0.974904508858268
sub-03_ses-03_task-AcousStim_acq-LHanest_desc-raw,SG1D1E21,Dead,0.0019275419792436673,0.00023122049874576832,0.47086007702182286,0.005879244755726116,0.9695839892895495,0.9216682953664621,0.9676564473103058,-0.042546671329710434,0.0017580549926517414,0.47471116816431325,0.0057760728581403385,Dead,0.9709163759951378,0.9691583210024861
sub-03_ses-03_task-AcousStim_acq-LHanest_desc-raw,SG1D1E9,Dead,0.012684323564583988,0.00034175782959122513,0.4166880616174583,0.03084810350372278,0.8600175347702793,0.9287991164767498,0.8473332112056954,0.49656376008489933,0.0127795956284903,0.41874197689345316,0.03147065998100611,Dead,0.8626210661665361,0.8498414705380458
sub-03_ses-03_task-AcousStim_acq-LHanest_desc-raw,SG1D1E5,Dead,0.020218220421967404,0.0003390617268921198,0.44878048780487806,0.042550377723917406,0.8538723341325645,1.0039797861798667,0.8336541137105971,0.22240299036421576,0.020637812873242626,0.45314505776636715,0.04335194692462138,Dead,0.8611937478393232,0.8405559349660807
sub-03_ses-03_task-AcousStim_acq-LHanest_desc-raw,SG1D1E17,Dead,0.0032131349544289476,0.0003921347194464886,0.4500641848523748,0.018616763012400967,0.9149757116101118,0.8873193804180839,0.9117625766556828,0.07555220565576425,0.003147425429803494,0.4508344030808729,0.019009016606828064,Dead,0.9150875512815457,0.9119401258517422
sub-03_ses-03_task-AcousStim_acq-LHanest_desc-raw,SG1D1E22,Dead,0.009862450988134245,0.00024291459845155882,0.38870346598202826,0.04619021888333147,0.7863591360137029,0.7755850657869607,0.7764966850255686,0.147323464504677,0.00990395463145027,0.38690629011553274,0.046855167468964704,Dead,0.7866542486387135,0.7767502940072633
sub-03_ses-03_task-AcousStim_acq-LHanest_desc-raw,SG1D1E2,Dead,0.010187826988999253,0.00030173438082782924,0.496790757381258,0.015876642711615815,1.0004431260013895,0.8814051450080816,0.9902552990123904,0.8211718606063022,0.009879703713447544,0.4993581514762516,0.016028019207344583,Dead,1.0008959636684167,0.9910162599549691
sub-03_ses-03_task-AcousStim_acq-LHanest_desc-raw,SG1D1E14,Dead,0.01252307577302135,0.00021573037421354922,0.3766367137355584,0.04608976407008071,0.7820559487362311,0.7820798669938538,0.7695328729632097,0.3926127736916551,0.012608641931224867,0.37817715019255455,0.046986298423250014,Dead,0.7838074650773011,0.7711988231460762
sub-03_ses-03_task-AcousStim_acq-LHanest_desc-raw,SG1D1E10,Dead,0.019797966562067327,0.0003365666296045905,0.39127086007702183,0.044509652675912253,0.8157652633464333,0.8790528688982399,0.7959672967843661,0.4511891689597963,0.020240446470627223,0.3982028241335045,0.045568480436400695,Dead,0.8231112901461652,0.8028708436755381
sub-03_ses-03_task-AcousStim_acq-LHanest_desc-raw,SG1D1E18,Dead,0.020931219296678058,0.00018791988001991714,0.35866495507060336,0.049907672151806075,0.7428474553611644,0.6515669024010019,0.7219162360644864,0.3097749543221727,0.02116278618620057,0.3627727856225931,0.05084444018984864,Dead,0.7438972350732374,0.7227344488870368
sub-03_ses-03_task-AcousStim_acq-LHanest_desc-raw,SG1D1E6,Dead,0.015343899441608761,0.0010770492296591119,0.4362002567394095,0.0381277821275762,0.7998743826355107,0.8756447090313899,0.784530483193902,-0.1345365314119065,0.015822048148077673,0.4449293966623877,0.03885189226025405,Dead,0.8267619943169356,0.810939946168858
sub-03_ses-03_task-AcousStim_acq-LHanest_desc-raw,SG1D1E11,Dead,0.019590526165582746,0.00034306385109849393,0.3982028241335045,0.05421453641206825,0.8077627210492294,0.7213959976735012,0.7881721948836466,0.2850876565450941,0.019993140591754725,0.4028241335044929,0.055280026745341486,Dead,0.8133652337086296,0.7933720931168748
sub-03_ses-03_task-AcousStim_acq-LHanest_desc-raw,SG1D1E15,Dead,0.020836514652003615,0.00025842898030051215,0.35686777920410784,0.05371544282261996,0.7547891229779492,0.5781220877903283,0.7339526083259456,0.3466833276894617,0.021200456259214524,0.36097560975609755,0.05467008603017538,Dead,0.7572249655553236,0.7360245092961091
sub-03_ses-03_task-AcousStim_acq-LHanest_desc-raw,SG1D1E3,Dead,0.03202823840754363,0.0021728060133035048,0.5327342747111682,0.1097454008458397,1.0766323778122426,1.7275464899348503,1.044604139404699,0.061218083417078684,0.03077923107524478,0.5286264441591785,0.10665883387276419,Dead,1.0368025108659493,1.0060232797907045
sub-03_ses-03_task-AcousStim_acq-LHanest_desc-raw,SG1D1E23,Dead,0.03442090897147647,0.00022224045809841924,0.35789473684210527,0.050150828521106604,0.776092339108879,0.6350416105553615,0.7416714301374026,0.3405262676236231,0.03483916999734904,0.3594351732991014,0.050866299632466964,Dead,0.7775380008954328,0.7426988308980836
sub-03_ses-03_task-AcousStim_acq-LHanest_desc-raw,SG1D1E19,Dead,0.03779656426995673,0.00291434106978025,0.434403080872914,0.07458487041603658,0.8472988215747224,1.3233772136684314,0.8095022573047657,0.295616656025069,0.037346069609486734,0.4269576379974326,0.07540203760535664,Dead,0.8262236006123449,0.7888775310028582
sub-03_ses-03_task-AcousStim_acq-LHanest_desc-raw,SG1D1E7,Dead,0.02912880746473392,0.0017390005020056845,0.46495507060333763,0.10219049324720417,0.911186571739339,0.9179079211467458,0.8820577642746051,-0.5533416447779023,0.030701647618970533,0.4749679075738126,0.10336148840046945,Dead,0.9232034641141731,0.8925018164952025
sub-03_ses-03_task-AcousStim_acq-LHanest_desc-raw,SG1D1E12,Dead,0.022354800295394866,0.0004071816735616137,0.37329910141206674,0.049710731453436734,0.7811429795131658,0.6056859338248132,0.758788179217771,0.46681646167040697,0.02267825527087442,0.3753530166880616,0.05090285145831532,Dead,0.7802156304975812,0.7575373752267068
sub-03_ses-03_task-AcousStim_acq-LHanest_desc-raw,SG1D1E24,Dead,0.04278091419743721,0.0003041449194399647,0.48292682926829267,0.07458202366934519,0.9870850969082584,0.9579970481391725,0.9443041827108213,0.49527600158229446,0.0433350541460326,0.47804878048780486,0.07483549918426514,Dead,0.98533895343482,0.9420038992887874
sub-03_ses-03_task-AcousStim_acq-LHanest_desc-raw,SG1D1E20,Dead,0.031221498982906472,0.00030022517892936725,0.44390243902439025,0.043953713669935744,0.9099036096174183,0.6944255181366149,0.8786821106345118,0.4755619997571655,0.03162616198969595,0.44518613607188706,0.04467248366018368,Dead,0.9066697447397506,0.8750435827500546
sub-03_ses-03_task-AcousStim_acq-LHanest_desc-raw,SG1D1E13,Dead,0.011192944236324675,0.00035094393461256257,0.45750962772785625,0.02321427730893202,0.9278352458679655,0.84354413683572,0.9166423016316407,0.29230234932498855,0.011552555361185528,0.458793324775353,0.024749523899894887,Dead,0.9315013259947357,0.9199487706335502
sub-03_ses-03_task-AcousStim_acq-LHanest_desc-raw,SG1D1E4,Dead,0.007930568862192297,0.0005306082444735138,0.46957637997432605,0.018993143821479916,0.9534309451654742,0.9415625317237365,0.9455003763032819,0.22371934803836876,0.008267385621600233,0.47008985879332477,0.021014611319594506,Dead,0.9582385620870448,0.9499711764654445
sub-03_ses-03_task-AcousStim_acq-RHanest_desc-raw,SG1D2E1,Dead,0.0060986240736149635,0.0002630434613814948,0.4901155327342747,0.01694815979866498,0.9752039454396418,0.9895115440272076,0.9691053213660268,0.03406340031728748,0.006380695580613252,0.49037227214377405,0.017588417989733852,Dead,0.9703902772749263,0.9640095816943132
sub-03_ses-03_task-AcousStim_acq-RHanest_desc-raw,SG1D2E2,Dead,0.0076289774757947,0.0003779965308897314,0.47368421052631576,0.016712059894885608,0.9604415201093935,1.0119689134876422,0.9528125426335988,0.21862712038899912,0.007941152588016408,0.47804878048780486,0.017168005743976818,Dead,0.9657606824440887,0.9578195298560723
sub-03_ses-03_task-AcousStim_acq-RHanest_desc-raw,SG1D2E7,Dead,0.002853757025136324,0.00023516132560006076,0.4718870346598203,0.015395936020128865,0.9595931857250457,0.972849165242939,0.9567394286999095,0.6652757401842482,0.0032646450373823637,0.47368421052631576,0.01532465897266611,Dead,0.9656879789039088,0.9624233338665263
sub-03_ses-03_task-AcousStim_acq-RHanest_desc-raw,SG1D2E8,Dead,0.00537154989752438,0.00024178298140834493,0.4713735558408216,0.013643628686252914,0.9679987420921441,0.9751626307451173,0.9626271921946198,0.43047510797013794,0.005783983271441645,0.472400513478819,0.014325484558966949,Dead,0.972711658376186,0.9669276751047443
sub-03_ses-03_task-AcousStim_acq-RHanest_desc-raw,SG1D2E13,Dead,0.007654497573798661,0.00046732259238879985,0.48292682926829267,0.015096981309615027,1.000771870094826,1.0070783391952345,0.9931173725210275,0.19652253940157982,0.007826941480236695,0.48267008985879334,0.015843461346864846,Dead,1.0017459910874245,0.9939190496071877
sub-03_ses-03_task-AcousStim_acq-RHanest_desc-raw,SG1D2E14,Dead,0.0078054919745109645,0.000484075728082443,0.4813863928112965,0.014974072537889674,1.0026361574229945,1.0007130906959227,0.9948306654484834,0.1493180446291099,0.007981939257229429,0.4821566110397946,0.01569351571567162,Dead,1.003744341164981,0.9957624019077516
sub-03_ses-03_task-AcousStim_acq-RHanest_desc-raw,SG1D2E19,Dead,0.005913726824541592,0.000302984744238132,0.49191270860077024,0.01330705307538268,1.0186926697857903,1.0031038202789393,1.0127789429612488,0.5495382189047573,0.005869513760615332,0.4949935815147625,0.01376869383626223,Dead,1.0146741706055196,1.0088046568449043
sub-03_ses-03_task-AcousStim_acq-RHanest_desc-raw,SG1D2E20,Dead,0.013516212413464465,0.0003449144170371624,0.46469833119383824,0.023693546504305413,0.9459435322307371,0.8729413990323528,0.9324273198172727,0.43670920245575,0.01370686413510861,0.462387676508344,0.024083661326655476,Dead,0.9442538952552861,0.9305470311201777
sub-03_ses-03_task-AcousStim_acq-RHanest_desc-raw,SG1D2E25,Dead,0.012920983736282265,0.0002260418408770227,0.46598202824133506,0.022496610095956965,0.9591073710726439,0.9952192166032197,0.9461863873363615,0.5358305157905824,0.0134448678261968,0.47394094993581515,0.022761252520710908,Dead,0.9580670664518008,0.944622198625604
sub-03_ses-03_task-AcousStim_acq-RHanest_desc-raw,SG1D2E26,Dead,0.015143631722704253,0.0003201668210664084,0.48369704749679077,0.02012748955332744,0.9812366948322206,0.8979309202217687,0.9660930631095164,0.574747500095004,0.015299457069718065,0.4849807445442875,0.02008346302033316,Dead,0.9773632555400524,0.9620637984703345
sub-03_ses-03_task-AcousStim_acq-RHanest_desc-raw,SG1D2E31,Dead,0.004531024518460456,0.00020878723355495296,0.49062901155327343,0.0065596422999023895,1.0079890396147715,0.9537483102361589,1.0034580150963108,0.8674232068614208,0.004537826792047935,0.49473684210526314,0.00656476814487089,Dead,1.0104845157191111,1.0059466889270632
sub-03_ses-03_task-AcousStim_acq-RHanest_desc-raw,SG1D2E3,Dead,0.004136456304171568,0.0005247656083926219,0.4785622593068036,0.01516409263391677,1.0011972330953123,1.0565285471906682,0.9970607767911407,0.4474850906905392,0.004249336349465317,0.48189987163029524,0.01523436821847613,Dead,1.0048328075319635,1.0005834711824981
sub-03_ses-03_task-AcousStim_acq-RHanest_desc-raw,SG1D2E9,Dead,0.013288957234618717,0.0007870507353396367,0.43106546854942235,0.021902996053987465,0.8786038705211477,0.9849370772969942,0.865314913286529,0.1624798495194301,0.01372258209745374,0.43902439024390244,0.022621700104440968,Dead,0.8907277959849706,0.8770052138875168
sub-03_ses-03_task-AcousStim_acq-RHanest_desc-raw,SG1D2E15,Dead,0.00637041334030877,0.0002767481266338046,0.42593068035943515,0.03378624134238843,0.792118740954839,0.9189505505447907,0.7857483276145303,0.6004577561408139,0.006562442026540155,0.4282413350449294,0.03477213230148667,Dead,0.7967040078536887,0.7901415658271486
sub-03_ses-03_task-AcousStim_acq-RHanest_desc-raw,SG1D2E21,Dead,0.018826907223403796,0.0003993562637915877,0.4184852374839538,0.0362679476875042,0.8580010364677401,0.8506307395411224,0.8391741292443363,0.3056833349452599,0.019177116928573774,0.42310654685494226,0.03671915613998776,Dead,0.8587274491978767,0.8395503322693029
sub-03_ses-03_task-AcousStim_acq-RHanest_desc-raw,SG1D2E27,Dead,0.02617029249776627,0.0005591651969702365,0.42284980744544287,0.03858012056420123,0.8467631079450819,0.9356687258095584,0.8205928154473157,0.2554972756863123,0.026387036278418895,0.424390243902439,0.0391559712038696,Dead,0.840435278861274,0.8140482425828551
sub-03_ses-03_task-AcousStim_acq-RHanest_desc-raw,SG1D2E28,Dead,0.019224830785204455,0.00024939056156463615,0.38254172015404364,0.04433211418739518,0.7877718890158156,0.7718402880318849,0.7685470582306111,0.20222579746231356,0.019491640710083757,0.38433889602053917,0.04492412683250134,Dead,0.7884400208438256,0.7689483801337418
sub-03_ses-03_task-AcousStim_acq-RHanest_desc-raw,SG1D2E22,Dead,0.016190619929310004,0.00025872749043795944,0.3956354300385109,0.04267600793704725,0.8190046737941258,0.7768864953121608,0.8028140538648157,0.2442311743319489,0.016475794322937578,0.3994865211810013,0.04322551549624534,Dead,0.8217836311602696,0.8053078368373321
sub-03_ses-03_task-AcousStim_acq-RHanest_desc-raw,SG1D2E16,Dead,0.015298234296309495,0.00031451236763216215,0.40590500641848526,0.03784511337974262,0.8516019183363849,0.8192781249454921,0.8363036840400754,0.28980976387170293,0.01568519995920645,0.4097560975609756,0.038506878391887024,Dead,0.858723343494245,0.8430381435350385
sub-03_ses-03_task-AcousStim_acq-RHanest_desc-raw,SG1D2E10,Dead,0.015561832013580875,0.00045735759258714714,0.4197689345314506,0.03096383086777061,0.8623450451753407,0.8629071312658856,0.8467832131617599,0.2911997834496649,0.016058360719898555,0.42593068035943515,0.03172042653411378,Dead,0.8737884082253634,0.8577300475054649
sub-03_ses-03_task-AcousStim_acq-RHanest_desc-raw,SG1D2E4,Dead,0.01372921702878586,0.0005553151653022383,0.44338896020539154,0.022624415421285637,0.9026647166238376,0.9577633229178764,0.8889354995950518,0.3542696397887086,0.014190185161530647,0.44801026957637996,0.023131974279408746,Dead,0.913710294971399,0.8995201098098684
sub-03_ses-03_task-AcousStim_acq-RHanest_desc-raw,SG1D2E32,Dead,0.008812741579570377,0.00021091624281797,0.37381258023106545,0.03322765335545835,0.780726331854074,0.7174975828059114,0.7719135902745037,0.1306257680092767,0.008869843637882206,0.37766367137355583,0.033923618874756006,Dead,0.7816616770274905,0.7727918333896082
sub-03_ses-03_task-AcousStim_acq-RHanest_desc-raw,SG1D2E29,Dead,0.011038218328230707,0.0003506088221366958,0.3938382541720154,0.03677057895402271,0.8097249911460581,0.8363152514627861,0.7986867728178274,0.07127313227856233,0.011188918655752457,0.3969191270860077,0.03719333853965613,Dead,0.811027185338215,0.7998382666824626
sub-03_ses-03_task-AcousStim_acq-RHanest_desc-raw,SG1D2E30,Dead,0.002104274367126032,0.00026939605863951255,0.49191270860077024,0.005037087470911821,0.9760446355356597,1.000908353707633,0.9739403611685337,-0.1053750995351086,0.0023053125157276974,0.4878048780487805,0.005547093713159932,Dead,0.9796738656247065,0.9773685531089789
sub-03_ses-03_task-AcousStim_acq-RHanest_desc-raw,SG1D2E23,Dead,0.00962455173524473,0.0003536201781634411,0.41360718870346597,0.033941604831214583,0.8460786693516633,0.8633760355544873,0.8364541176164185,0.11193437551837442,0.009763458643546859,0.41797175866495506,0.03431270597224801,Dead,0.8479198248022822,0.8381563661587353
sub-03_ses-03_task-AcousStim_acq-RHanest_desc-raw,SG1D2E24,Dead,0.0016381980523403467,0.0006194395481587561,0.49114249037227214,0.006726807532783063,1.0187199839381507,1.0273937155304749,1.0170817858858103,-0.04191311595880349,0.0016291941526946716,0.49576379974326057,0.006668066383760618,Dead,1.018251487698551,1.0166222935458562
sub-03_ses-03_task-AcousStim_acq-RHanest_desc-raw,SG1D2E17,Dead,0.013731811862639226,0.0003003685175358116,0.42310654685494226,0.033814990762428075,0.8704323265349345,0.8933187520160849,0.8567005146722952,0.3400699202616147,0.014057686597977667,0.4295250320924262,0.0342922103700948,Dead,0.8764768176447327,0.862419131046755
sub-03_ses-03_task-AcousStim_acq-RHanest_desc-raw,SG1D2E18,Dead,0.0029006639039845443,0.0004982805406080943,0.5019255455712451,0.006919468719523487,1.0123835731876099,1.1108374364793225,1.0094829092836253,0.35789594309254863,0.002943296747890679,0.5034659820282413,0.006726805170653559,Dead,1.0131641676102494,1.0102208708623588
sub-03_ses-03_task-AcousStim_acq-RHanest_desc-raw,SG1D2E11,Dead,0.015602586436618852,0.0004703332361264365,0.4446726572528883,0.030358082435718716,0.8951154659227156,0.9575463158138651,0.8795128794860968,0.405078332287528,0.016068888501063014,0.4490372272143774,0.030848479699488503,Dead,0.9044235354835641,0.8883546469825012
sub-03_ses-03_task-AcousStim_acq-RHanest_desc-raw,SG1D2E12,Dead,0.013688978332563644,0.0005033631580566287,0.455198973042362,0.025097015033440796,0.9239932689651414,1.0116222076763797,0.9103042906325778,0.481714523593234,0.01413950768102763,0.4629011553273428,0.02556156184167463,Dead,0.9339731913548193,0.9198336836737916
sub-03_ses-03_task-AcousStim_acq-RHanest_desc-raw,SG1D2E5,Dead,0.015354225550795658,0.0003342192523289669,0.4508344030808729,0.02843063403505244,0.9149417914999964,1.0008410427569574,0.8995875659492008,0.47520118622136187,0.01605594301214005,0.45134788189987163,0.029416129418038704,Dead,0.9253775946776601,0.9093216516655201
sub-03_ses-03_task-AcousStim_acq-RHanest_desc-raw,SG1D2E6,Dead,0.014075696222870783,0.0004880504186409792,0.46572528883183567,0.025328932977038393,0.9371886092023213,1.0308513631963703,0.9231129129794505,0.5201727659364394,0.01456697399223026,0.4711168164313222,0.02579771765592016,Dead,0.946835660350389,0.9322686863581587
sub-03_ses-04_task-AcousStim_acq-LHanest_desc-raw,SG1D1E1,Dead,0.06619711231140513,0.0016451553821547305,0.5505529225908373,0.10609556799559285,1.083447800631027,1.0135315329247991,1.017250688319622,0.21759665555461696,0.07007070533404529,0.5552922590837283,0.11544977563609694,Dead,1.1073214952558934,1.0372507899218482
sub-03_ses-04_task-AcousStim_acq-LHanest_desc-raw,SG1D1E8,Active,0.5047959360617362,0.0024151962584251833,0.7274881516587678,0.37421638085249215,1.7446889180246052,1.1063240746517935,1.2398929819628692,0.5600642521292635,0.5191889851785989,0.731437598736177,0.39149806218668487,Active,1.7627463805927375,1.2435573954141386
sub-03_ses-04_task-AcousStim_acq-LHanest_desc-raw,SG1D1E16,Dead,0.24788807384903463,0.0014609480522592181,0.717219589257504,0.15284907410305779,1.1902112270819345,1.1326270257626914,0.9423231532328998,0.4397378023552574,0.2554728028636828,0.7156398104265402,0.16171256159695968,Dead,1.2109823472597678,0.9555095443960852
sub-03_ses-04_task-AcousStim_acq-LHanest_desc-raw,SG1D1E21,Dead,0.06490818023907083,0.001034934037323558,0.5971563981042654,0.05539489730311439,0.8497955987640164,0.9795350667416193,0.7848874185249456,0.2066624938150138,0.067001656567606,0.5995260663507109,0.06000586615808969,Dead,0.8624177544662803,0.7954160978986744
sub-03_ses-04_task-AcousStim_acq-LHanest_desc-raw,SG1D1E9,Active,0.5515208970715976,0.002116274854204845,0.7195892575039494,0.3344784756911279,1.4942435057026286,1.533163505983024,0.9427226086310311,0.6010050533252259,0.5557107599676452,0.7211690363349131,0.3350819542902015,Active,1.4997229392400533,0.9440121792724082
sub-03_ses-04_task-AcousStim_acq-LHanest_desc-raw,SG1D1E5,Active,0.6171364865059199,0.0018333882641131762,0.7282780410742496,0.5169015536025858,1.6934401420440133,1.493911831881445,1.0763036555380934,0.7060556162241612,0.6197440569178788,0.7259083728278041,0.5070580461704032,Active,1.6821402330137971,1.0623961760959182
sub-03_ses-04_task-AcousStim_acq-LHanest_desc-raw,SG1D1E17,Dead,0.22014273098378567,0.0021495258966149036,0.6445497630331753,0.13122869566877393,1.018316746551075,1.197837159219759,0.7981740155672892,0.48359311783626824,0.22467070294464167,0.6445497630331753,0.140124830237114,Dead,1.0322976369724925,0.8076269340278509
sub-03_ses-04_task-AcousStim_acq-LHanest_desc-raw,SG1D1E22,Dead,0.38560644520275067,0.0015060684768001388,0.6666666666666666,0.325351658063014,1.160434301527965,1.037222346570573,0.7748278563252144,0.5046808976899578,0.39165379884736107,0.6658767772511849,0.338997493362999,Dead,1.1697608559644286,0.7781070571170675
sub-03_ses-04_task-AcousStim_acq-LHanest_desc-raw,SG1D1E2,Dead,0.1886878268727531,0.0009755021082675313,0.6003159557661928,0.16360515734456987,1.129698280895492,1.1450020683681057,0.941010454022739,0.7174554442580394,0.19066164896185808,0.5979462875197472,0.16744488652150014,Dead,1.110252267213847,0.919590618251989
sub-03_ses-04_task-AcousStim_acq-LHanest_desc-raw,SG1D1E14,Dead,0.47818236539192954,0.001491026614400755,0.6864139020537124,0.3069464739466359,1.3077499979767249,1.2927116172370015,0.8295676325847953,0.556385893027491,0.48318556095622966,0.688783570300158,0.3104387020491835,Dead,1.315272576476885,0.8320870155206553
sub-03_ses-04_task-AcousStim_acq-LHanest_desc-raw,SG1D1E10,Dead,0.49540066730522453,0.0027421313212188094,0.65086887835703,0.31808663779882573,1.3193114348849075,1.7548392074866916,0.8239107675796831,0.6215542148533924,0.500941456823026,0.6563981042654028,0.3121446591128394,Active,1.3282577828154378,0.8273163259924118
sub-03_ses-04_task-AcousStim_acq-LHanest_desc-raw,SG1D1E18,Dead,0.4771459014701789,0.0027464313558293527,0.6642969984202212,0.37520295072264703,1.1986922348044056,1.0395587313688475,0.7215463333342268,0.3420771717656527,0.48248991423305526,0.6635071090047393,0.3983239904240454,Dead,1.2030721614144362,0.7205822471813809
sub-03_ses-04_task-AcousStim_acq-LHanest_desc-raw,SG1D1E6,Dead,0.09741350593146123,0.0064981427105663524,0.5410742496050553,0.12257264210112148,0.7749853295962893,1.8580894027379766,0.6775718236648282,0.5502906639675904,0.10242533020821692,0.5355450236966824,0.1206459089960222,Dead,0.8083425092199756,0.7059171790117587
sub-03_ses-04_task-AcousStim_acq-LHanest_desc-raw,SG1D1E11,Dead,0.3566934280042279,0.0025018041887655555,0.6129541864139021,0.3283792069954248,1.1270711634233337,2.1634120910170007,0.7703777354191059,0.5413951865433793,0.3529325190369097,0.6113744075829384,0.32180716834835554,Dead,1.1102727620718678,0.7573402430349582
sub-03_ses-04_task-AcousStim_acq-LHanest_desc-raw,SG1D1E15,Active,0.6078534744675297,0.003984413465094713,0.7227488151658767,0.36897115139925535,1.485236072233033,1.3257467037549178,0.8773825977655031,0.4004163067829231,0.6055034071267258,0.7164296998420221,0.37263728642501176,Active,1.4718912845559877,0.8663878774292619
sub-03_ses-04_task-AcousStim_acq-LHanest_desc-raw,SG1D1E3,Dead,0.21760351030486597,0.0006546028464936789,0.5118483412322274,0.7392480064412253,0.9821239106501484,1.034422678407712,0.7645204003452825,-0.3139600717617512,0.23841284850083827,0.509478672985782,0.7838799469000494,Dead,0.9902639877599093,0.7518511392590711
sub-03_ses-04_task-AcousStim_acq-LHanest_desc-raw,SG1D1E23,Active,0.6785153292132731,0.006972394282770885,0.6619273301737757,0.9865340868415774,1.3922048887641743,1.1186099119098478,0.7136895595509012,0.13579246564491423,0.6858401517439618,0.660347551342812,1.0138476353469956,Active,1.4000802093222555,0.7142400575782938
sub-03_ses-04_task-AcousStim_acq-LHanest_desc-raw,SG1D1E19,Dead,0.4328613186253627,0.0016714211784658697,0.7116903633491312,1.1620950677422734,1.4480687529914955,2.6777035417107755,1.0152074343661326,-0.17254577804670285,0.4026706513655824,0.7037914691943128,1.217894340923178,Dead,1.3320022786039878,0.9293316272384053
sub-03_ses-04_task-AcousStim_acq-LHanest_desc-raw,SG1D1E7,Dead,0.03850147653801288,0.006563439590084249,0.471563981042654,0.1592131750397207,0.7037696948256035,1.3219907660890018,0.6652682182875905,0.1558445021534633,0.03895811977621691,0.471563981042654,0.163290193811482,Dead,0.7082410154038203,0.6692828956276035
sub-03_ses-04_task-AcousStim_acq-LHanest_desc-raw,SG1D1E12,Dead,0.26931911160321015,0.0020340482095304747,0.665086887835703,0.39900461053282543,1.1884385783378468,2.1335071632595874,0.9191194667346366,-0.007468373979081231,0.2564883753155307,0.6619273301737757,0.4048305380358575,Dead,1.1207843533937412,0.8642959780782103
sub-03_ses-04_task-AcousStim_acq-LHanest_desc-raw,SG1D1E24,Active,0.5992019029925567,0.0036305057476322413,0.6390205371248026,0.7660817629470918,1.3896309011891057,1.0306622973082027,0.790428998196549,0.0708774551633211,0.610867647803228,0.641390205371248,0.8050384699486727,Active,1.3974294341807576,0.7865617863775296
sub-03_ses-04_task-AcousStim_acq-LHanest_desc-raw,SG1D1E20,Dead,0.469500257184961,0.004579777271095342,0.6169036334913112,0.7319096098280267,1.268886259417368,1.227435714417633,0.799386002232407,0.04455936692801155,0.4748398621412918,0.6145339652448657,0.7704246302487276,Dead,1.264251047207564,0.7894111850662723
sub-03_ses-04_task-AcousStim_acq-LHanest_desc-raw,SG1D1E13,Dead,0.31789567503070226,0.0015449798700922438,0.5300157977883097,0.6119353861352438,1.0311926325227274,1.0344901372549744,0.713296957492025,0.13594240196978627,0.32428914182245183,0.5276461295418642,0.6358077924134242,Dead,1.0359294924946152,0.7116403506721632
sub-03_ses-04_task-AcousStim_acq-LHanest_desc-raw,SG1D1E4,Dead,0.271773437621756,0.0012492440089452766,0.5086887835703001,0.5760873873139057,0.9606965549879698,1.0105532943589404,0.6889231173662138,0.1807454968455596,0.2779385176352299,0.5086887835703001,0.5974566041955061,Dead,0.9674716742118517,0.6895331565766217
sub-03_ses-04_task-AcousStim_acq-RHanest_desc-raw,SG1D2E1,Dead,0.16929829408628266,0.0016121968591901396,0.5434439178515008,0.32593620759931163,0.8548459671664719,1.0695872680845542,0.6855476730801893,0.5284327457635164,0.17444289348529976,0.5339652448657188,0.3435069437727757,Dead,0.8569759377577465,0.6825330442724468
sub-03_ses-04_task-AcousStim_acq-RHanest_desc-raw,SG1D2E2,Dead,0.04875847237959564,0.000806607919312693,0.504739336492891,0.07274813058114293,0.9603997320566324,0.9943841657622952,0.9116412596770368,0.4458602956975407,0.05633112636639708,0.5031595576619273,0.08711107034982944,Dead,0.9570916696572741,0.9007605432908771
sub-03_ses-04_task-AcousStim_acq-RHanest_desc-raw,SG1D2E7,Dead,0.26755403427835867,0.001556161991144894,0.5718799368088467,0.35679264495536817,0.9762767988955688,1.1340923450887048,0.7087227646172102,0.46128866555253717,0.2701518511185078,0.5695102685624013,0.36131425942012263,Dead,0.973288089800147,0.7031362386816392
sub-03_ses-04_task-AcousStim_acq-RHanest_desc-raw,SG1D2E8,Dead,0.2708033989646073,0.0007888905676466274,0.5726698262243286,0.30498880582368354,1.0224431406459085,1.0235810415932503,0.7516397416813011,0.4498461730176889,0.27812001541010584,0.5703001579778831,0.3152187821294675,Dead,1.0184307250492919,0.7403107096391861
sub-03_ses-04_task-AcousStim_acq-RHanest_desc-raw,SG1D2E13,Dead,0.23677246212634032,0.0007760680386646525,0.5971563981042654,0.17304312945079448,1.0797832017757159,0.99746017943667,0.8430107396493755,0.450120005572621,0.2535987109891165,0.5932069510268563,0.18748884024862533,Dead,1.0790788869554577,0.8254801759663413
sub-03_ses-04_task-AcousStim_acq-RHanest_desc-raw,SG1D2E14,Dead,0.20063039035350747,0.0007776335421111065,0.5774091627172195,0.1357868953136109,1.0793137042751126,0.9982060833263903,0.8786833139216051,0.46896104345400735,0.22165753841689737,0.584518167456556,0.15044657890437874,Dead,1.0805066079184922,0.8588490695015948
sub-03_ses-04_task-AcousStim_acq-RHanest_desc-raw,SG1D2E19,Dead,0.0045797923228541254,0.0008353621930860933,0.4786729857819905,0.004896861613480372,0.980190527360953,0.9961169849213879,0.975610735038099,0.2696638319706889,0.005967227615617809,0.48657187993680884,0.005634405248458952,Dead,0.9787979505977337,0.9728307229821158
sub-03_ses-04_task-AcousStim_acq-RHanest_desc-raw,SG1D2E20,Dead,0.4588501205531459,0.0011660514511557495,0.6627172195892576,0.33729707275342774,1.261873901845923,1.0297704621734078,0.8030237812927773,0.23999843302376805,0.46047115546751943,0.65086887835703,0.3519566235055814,Dead,1.2430951155100973,0.7826239600425778
sub-03_ses-04_task-AcousStim_acq-RHanest_desc-raw,SG1D2E25,Dead,0.4945961307364866,0.0012756544359429677,0.665086887835703,0.352862541731158,1.3053337650221077,1.0311149687814598,0.8107376342856211,0.21955566620533606,0.49729330623455725,0.6619273301737757,0.36754536746786587,Dead,1.291613894299797,0.7943205880652398
sub-03_ses-04_task-AcousStim_acq-RHanest_desc-raw,SG1D2E26,Active,0.5417887349669317,0.002119944556646148,0.684044233807267,0.40006173359965774,1.3580645394284583,1.0406834379216814,0.8162758044615266,0.15652971458998105,0.544486613403205,0.6800947867298578,0.40637130227408463,Active,1.346417433133433,0.801930819730228
sub-03_ses-04_task-AcousStim_acq-RHanest_desc-raw,SG1D2E31,Dead,0.37576029104266384,0.0018147067387295041,0.6619273301737757,0.2872329125396104,1.1884080046061969,1.0383307984471954,0.8126477135635332,0.12888783943008697,0.38271031652847104,0.6595576619273301,0.2939012827700654,Dead,1.1852898276912966,0.8025795111628257
sub-03_ses-04_task-AcousStim_acq-RHanest_desc-raw,SG1D2E3,Dead,0.12558398868673404,0.0038407952230801773,0.4976303317535545,0.25150592463521604,0.7787547112088751,1.3041710644961453,0.653170722522141,0.6169517617080864,0.12824399222302255,0.4921011058451817,0.25370060797800764,Dead,0.7855293877802556,0.6572853955572331
sub-03_ses-04_task-AcousStim_acq-RHanest_desc-raw,SG1D2E9,Dead,0.2599207760837731,0.0024360946792456374,0.5655608214849921,0.39451071974801966,0.9554661062552515,1.21748053887148,0.6955453301714783,0.49977862340601026,0.26177735594024454,0.5624012638230648,0.4032486375725756,Dead,0.9533180560974045,0.6915407001571601
sub-03_ses-04_task-AcousStim_acq-RHanest_desc-raw,SG1D2E15,Dead,0.35118278574341594,0.0008498620649510523,0.6255924170616114,0.3189519463912243,1.1363119767947605,1.0306499234629765,0.7851291910513445,0.3500595123281024,0.3573440357599698,0.6232227488151659,0.3353190106259926,Dead,1.1253437902479553,0.7679997544879855
sub-03_ses-04_task-AcousStim_acq-RHanest_desc-raw,SG1D2E21,Dead,0.4343134498327752,0.0015455718271816879,0.6350710900473934,0.39726039285527087,1.226920271146914,1.14118278756733,0.7926068213141388,0.30800108479731264,0.42668667493092066,0.6350710900473934,0.426308966988556,Dead,1.188811567728549,0.7621248927976283
sub-03_ses-04_task-AcousStim_acq-RHanest_desc-raw,SG1D2E27,Active,0.6120441850140416,0.003035725749525375,0.6864139020537124,0.5291944286492871,1.4255121414407723,1.4033082987015009,0.8134679564267308,0.15976680366592805,0.6010076179142702,0.6800947867298578,0.5338664650501437,Active,1.3892239382467915,0.7882163203325213
sub-03_ses-04_task-AcousStim_acq-RHanest_desc-raw,SG1D2E28,Active,0.5505470307793903,0.004012147201049814,0.6864139020537124,0.47639031562376555,1.3326461725729162,1.1699238736987039,0.7820991417935259,0.18557736439103123,0.5506458729497343,0.6848341232227488,0.4808189282114464,Active,1.3231252002921965,0.7724793273424622
sub-03_ses-04_task-AcousStim_acq-RHanest_desc-raw,SG1D2E22,Dead,0.43895518634010106,0.0010730251312279526,0.6469194312796208,0.35068231848859893,1.2828118081785513,1.051093440500332,0.8438566218384501,0.23271860817538426,0.4503907858108857,0.6477093206951027,0.37007308824488855,Dead,1.273037402961831,0.8226466171509454
sub-03_ses-04_task-AcousStim_acq-RHanest_desc-raw,SG1D2E16,Dead,0.389473725482453,0.0012603237576682739,0.6224328593996841,0.34813898866650167,1.147562864521666,1.063704778439983,0.758089139039213,0.3776700579538008,0.3905463393046765,0.6169036334913112,0.354641981499939,Dead,1.1386499654081965,0.7481036261035199
sub-03_ses-04_task-AcousStim_acq-RHanest_desc-raw,SG1D2E10,Dead,0.32128171808114764,0.0015793917635739574,0.5813586097946287,0.3823098403825069,1.0414233786645626,1.199913398781164,0.720141660583415,0.49007193016297673,0.32371756318030864,0.5774091627172195,0.38606187116062207,Dead,1.0399756444663621,0.7162580812860535
sub-03_ses-04_task-AcousStim_acq-RHanest_desc-raw,SG1D2E4,Dead,0.24176562945456273,0.002206644709510961,0.5600315955766193,0.40557313430038455,0.9421448439754808,1.1384558602552357,0.7003792145209182,0.6033300982700995,0.24579774451804362,0.5608214849921012,0.4190451742469533,Dead,0.9460941399213247,0.7002963954032813
sub-03_ses-04_task-AcousStim_acq-RHanest_desc-raw,SG1D2E32,Dead,0.2803769324461221,0.0020304066017496005,0.6453396524486572,0.3037663088623304,1.0388596699250003,0.9717972350579555,0.7584827374788783,0.24430361178017745,0.2853611004357783,0.6461295418641391,0.3084895824254532,Dead,1.044984908453922,0.7596238080181437
sub-03_ses-04_task-AcousStim_acq-RHanest_desc-raw,SG1D2E29,Dead,0.35593309073341106,0.004055826673375015,0.6524486571879937,0.3808790140959931,1.1038861794638577,1.0156037773514857,0.7479530887304466,0.19461007984811382,0.3603484730226374,0.6524486571879937,0.3891063415736772,Dead,1.106191592872888,0.7458431198502506
sub-03_ses-04_task-AcousStim_acq-RHanest_desc-raw,SG1D2E30,Dead,0.06117369183537331,0.0023125571975440855,0.6050552922590837,0.08080317749789913,0.8736169741965827,1.0068174111885129,0.8124432823612094,-0.08961961979543082,0.06349089280436197,0.6034755134281201,0.08238068121513586,Dead,0.8852935758991537,0.8218026830947918
sub-03_ses-04_task-AcousStim_acq-RHanest_desc-raw,SG1D2E23,Dead,0.3941029090776383,0.003609393035154117,0.6437598736176935,0.36701201835406,1.150088624535959,1.0435797155242763,0.7559857154583207,0.19944181649017179,0.397036686473825,0.6398104265402843,0.3743644692246147,Dead,1.1481313218762794,0.7510946354024544
sub-03_ses-04_task-AcousStim_acq-RHanest_desc-raw,SG1D2E24,Dead,0.18637419030275112,0.0007009457012179461,0.6334913112164297,0.13101805136214398,1.073597360588853,0.9920066706607376,0.8872231702861016,0.2377156022398901,0.20446715767182402,0.6208530805687204,0.14967077191550213,Dead,1.0745106153680277,0.8700434576962036
sub-03_ses-04_task-AcousStim_acq-RHanest_desc-raw,SG1D2E17,Dead,0.35168941244451435,0.0008349610446057359,0.6248025276461295,0.277001681220778,1.1255501375047121,1.0336711809712684,0.7738607250601979,0.3715999116117349,0.3537378321218374,0.617693522906793,0.28248456820884305,Dead,1.1173947551131624,0.7636569229913249
sub-03_ses-04_task-AcousStim_acq-RHanest_desc-raw,SG1D2E18,Dead,0.04361111928052886,0.0018721623172023878,0.5892575039494471,0.09287915067310193,0.9755666055188228,1.0234982316918881,0.9319554862382939,-0.2241297306631453,0.04502032094092049,0.6026856240126383,0.09549278621405638,Dead,0.9803019403848986,0.9352816194439781
sub-03_ses-04_task-AcousStim_acq-RHanest_desc-raw,SG1D2E11,Dead,0.33992346044897676,0.0012895198983871859,0.6003159557661928,0.3550176384072076,1.1066479556276656,1.1428729016678494,0.7667244951786889,0.4830695323023806,0.34028749419679766,0.5979462875197472,0.35922748065180576,Dead,1.09698510995703,0.7566976157602324
sub-03_ses-04_task-AcousStim_acq-RHanest_desc-raw,SG1D2E12,Dead,0.287895753815366,0.0009891111972201302,0.6200631911532386,0.24023199285992483,1.1536061971949372,1.015523184082178,0.865710443379571,0.4875536261303364,0.2990112191526049,0.6224328593996841,0.26243961334960525,Dead,1.150313292565674,0.8513020734130691
sub-03_ses-04_task-AcousStim_acq-RHanest_desc-raw,SG1D2E5,Dead,0.29627223005993797,0.0007087672743914729,0.5932069510268563,0.3105960187376897,1.0897706285437347,1.019678197843108,0.7934983984837969,0.5189827823154497,0.30214181019785413,0.590047393364929,0.3413852823264253,Dead,1.0772628550707,0.7751210448728458
sub-03_ses-04_task-AcousStim_acq-RHanest_desc-raw,SG1D2E6,Dead,0.32555690840248175,0.0008802612575573379,0.6216429699842022,0.3381967598677371,1.1448312826977751,1.1195286716423956,0.8192743742952934,0.49038368609293564,0.32586298724785545,0.6184834123222749,0.34342399099439214,Dead,1.1315184028336576,0.8056554155858021
sub-03_ses-06_task-AcousStim_acq-LH_desc-raw,SG1D1E1,Dead,0.01707130393506282,0.0005888691951137045,0.44767844767844767,0.0682023216780121,0.8688267034263613,0.9865490443096139,0.8517553994912985,0.7918746619608364,0.017935773984582508,0.45045045045045046,0.07150884493351023,Dead,0.8746759877249255,0.8567402137403431
sub-03_ses-06_task-AcousStim_acq-LH_desc-raw,SG1D1E8,Dead,0.05791329446677282,0.000655016987173313,0.37352737352737353,0.2119750319723561,0.7325814572182776,0.9689334289548013,0.6746681627515049,0.864983887226035,0.06014391864101307,0.38115038115038113,0.21843649595579112,Dead,0.7467203783940393,0.6865764597530262
sub-03_ses-06_task-AcousStim_acq-LH_desc-raw,SG1D1E16,Dead,0.03486138259640525,0.0008369190432154035,0.4566874566874567,0.13409328687497027,0.9190312674036233,0.9336289022925307,0.884169884807218,0.7689508461293858,0.036134530004699676,0.46292446292446293,0.1356517697642592,Dead,0.931616251950233,0.8954817219455333
sub-03_ses-06_task-AcousStim_acq-LH_desc-raw,SG1D1E21,Dead,0.01523595211727149,0.0005407649431564971,0.44490644490644493,0.05464664334855376,0.906840194411559,0.667521260386975,0.8916042422942876,0.48462502729878826,0.015693554650642184,0.45114345114345117,0.055206101074294946,Dead,0.9146428985595688,0.8989493439089267
sub-03_ses-06_task-AcousStim_acq-LH_desc-raw,SG1D1E9,Dead,0.06401807012163592,0.0012586824518885523,0.36105336105336105,0.22914002702274502,0.699740339589673,0.7471386464237332,0.635722269468037,0.8399037521123893,0.06529401624976745,0.3624393624393624,0.23112608501675172,Dead,0.7159037182155561,0.6506097019657886
sub-03_ses-06_task-AcousStim_acq-LH_desc-raw,SG1D1E5,Dead,0.058256948996493044,0.0003330337155550152,0.34511434511434513,0.2186104864129475,0.656964738897584,0.42195876518218545,0.598707789901091,0.8428907586538352,0.05975103815376645,0.3485793485793486,0.22156306549530483,Dead,0.6779318299853173,0.618180791831551
sub-03_ses-06_task-AcousStim_acq-LH_desc-raw,SG1D1E17,Dead,0.04432629450915003,0.0005618836179431281,0.3652113652113652,0.1564597468841963,0.7304372405319691,0.4501251155547953,0.6861109460228192,0.7625208178415401,0.04517342259701885,0.37144837144837145,0.15700956041985006,Dead,0.7370277892038096,0.6918543666067908
sub-03_ses-06_task-AcousStim_acq-LH_desc-raw,SG1D1E22,Dead,0.05654280752425339,0.00013330075345175724,0.3562023562023562,0.1915774507544249,0.6594125866573156,0.17511905816397666,0.6028697791330623,0.7760694075323387,0.058528554160443634,0.3575883575883576,0.19264427361456415,Dead,0.6759980414316159,0.6174694872711723
sub-03_ses-06_task-AcousStim_acq-LH_desc-raw,SG1D1E2,Dead,0.05469640796471757,0.0009553905796953386,0.3305613305613306,0.21708986222485485,0.6660871222084324,0.9089718606823959,0.6113907142437148,0.848497064784647,0.0555087318536253,0.3367983367983368,0.22055289744843268,Dead,0.6882794872866989,0.6327707554330735
sub-03_ses-06_task-AcousStim_acq-LH_desc-raw,SG1D1E14,Dead,0.05713464911979352,0.001280680442360208,0.31323631323631324,0.20804515704495588,0.62011637010188,0.6376776356016963,0.5629817209820865,0.8518006603134003,0.058158790107569226,0.3153153153153153,0.2094126165823899,Dead,0.6345541288797727,0.5763953387722036
sub-03_ses-06_task-AcousStim_acq-LH_desc-raw,SG1D1E10,Dead,0.0355092666028938,0.0023632186631089716,0.376992376992377,0.1523295678716084,0.8746202734167629,1.0121896122847387,0.839111006813869,0.8747861059944017,0.03364144987250926,0.3756063756063756,0.14666856839819628,Dead,0.8936015101347856,0.8599600602622763
sub-03_ses-06_task-AcousStim_acq-LH_desc-raw,SG1D1E18,Dead,0.04906707481521131,0.0005686059433933405,0.28967428967428965,0.1479949571663389,0.6298403985525536,0.9693539462920358,0.5807733237373423,0.7864253563386341,0.05112902606629406,0.2945252945252945,0.15355819888787986,Dead,0.632457595563087,0.5813285694967929
sub-03_ses-06_task-AcousStim_acq-LH_desc-raw,SG1D1E6,Dead,0.060412296851966266,0.0010336570408005703,0.33957033957033955,0.21740496278990348,0.6450077692792213,0.887523699205997,0.5845954724272552,0.8412880555094209,0.06185896776458689,0.34026334026334026,0.2206728560691801,Dead,0.6659285434048523,0.6040695756402654
sub-03_ses-06_task-AcousStim_acq-LH_desc-raw,SG1D1E11,Dead,0.05055323262259242,0.0012621334638431977,0.2959112959112959,0.19216063106521775,0.582348315372344,0.5914431435157379,0.5317950827497516,0.8705986921586404,0.05161691616415364,0.2959112959112959,0.19369350641216906,Dead,0.601196535895121,0.5495796197309674
sub-03_ses-06_task-AcousStim_acq-LH_desc-raw,SG1D1E15,Dead,0.03700449271456324,0.001991714422904527,0.334026334026334,0.13112014732244875,0.6912523279255908,0.946909703392161,0.6542478352110275,0.8442864809071998,0.0374541737730478,0.34303534303534305,0.13236886483818439,Dead,0.7176012951391284,0.6801471213660807
sub-03_ses-06_task-AcousStim_acq-LH_desc-raw,SG1D1E3,Dead,0.0688421380931987,0.0007105048231137132,0.2972972972972973,0.17586860334406001,0.6331108845054799,0.9560719521319189,0.5642687464122812,0.798818004798031,0.06969198785986189,0.2966042966042966,0.17890565317528448,Dead,0.634697606311825,0.5650056184519633
sub-03_ses-06_task-AcousStim_acq-LH_desc-raw,SG1D1E23,Dead,0.07405073327100305,0.0012474297483513236,0.2972972972972973,0.1865318208567572,0.6078989157832702,0.6679947419500587,0.5338481825122671,0.7849418806566839,0.07646902399416329,0.30353430353430355,0.1888583777592024,Dead,0.6209592497685189,0.5444902257743557
sub-03_ses-06_task-AcousStim_acq-LH_desc-raw,SG1D1E19,Dead,0.04187346372941502,0.006093668383290883,0.2515592515592516,0.1676969993966571,0.4715461678734359,0.5546818272624094,0.42967270414402087,0.886342118856231,0.04409600662963906,0.2494802494802495,0.16745933999912432,Dead,0.5073516760470117,0.4632556694173726
sub-03_ses-06_task-AcousStim_acq-LH_desc-raw,SG1D1E7,Dead,0.03584908139278547,0.0010998047779548195,0.23700623700623702,0.12007234067785075,0.48860156299365376,0.6225068616586,0.45275248160086834,0.8474453602950827,0.03492211363865271,0.23977823977823978,0.1222188515108921,Dead,0.5170972332420919,0.48217511960343923
sub-03_ses-06_task-AcousStim_acq-LH_desc-raw,SG1D1E12,Dead,0.03851522420887843,0.0023364169801768065,0.24532224532224534,0.14623055592874162,0.5101978182875894,0.5326066635609192,0.4716825940787109,0.88129185320388,0.03929683802768,0.24740124740124741,0.14655464724087397,Dead,0.5319964565963518,0.49269961856867167
sub-03_ses-06_task-AcousStim_acq-LH_desc-raw,SG1D1E24,Dead,0.05343440834338399,0.0009247281123259334,0.2875952875952876,0.14586399225958754,0.6329039919939489,0.8984796457447617,0.5794695836505649,0.8761901767925274,0.055322615869980475,0.2875952875952876,0.14896521754733624,Dead,0.6484633338157295,0.593140717945749
sub-03_ses-06_task-AcousStim_acq-LH_desc-raw,SG1D1E20,Dead,0.05038013920887272,0.0009594093468776214,0.2785862785862786,0.1444342949916591,0.6096672248038235,0.8850065563414744,0.5592870855949508,0.8826793781055247,0.051915420267506715,0.27997227997227997,0.1468219538035158,Dead,0.6257659762233743,0.5738505559558675
sub-03_ses-06_task-AcousStim_acq-LH_desc-raw,SG1D1E13,Dead,0.04082908091998081,0.0007218747290701518,0.26403326403326405,0.12427384821641177,0.5880999304454093,0.8422873760952686,0.5472708495254285,0.8773425613272041,0.04193407811015753,0.2681912681912682,0.1256034361671374,Dead,0.6035889614247841,0.5616548833146267
sub-03_ses-06_task-AcousStim_acq-LH_desc-raw,SG1D1E4,Dead,0.04128711672607266,0.0006978027318331773,0.2626472626472626,0.1245904522969248,0.5910613194837954,0.8544139698078206,0.5497742027577226,0.8755658330625039,0.042381188563406266,0.2668052668052668,0.12574416198028907,Dead,0.6058182563488553,0.5634370677854492
sub-03_ses-06_task-AcousStim_acq-RH_desc-raw,SG1D2E1,Dead,0.047000314321094784,0.0011480499654557197,0.34164934164934163,0.19983143024242644,0.6980178496290816,0.7768171647738595,0.6510175353079869,0.940662599283933,0.04878864216200745,0.3437283437283437,0.20177168971806944,Dead,0.7216308985986281,0.6728422564366205
sub-03_ses-06_task-AcousStim_acq-RH_desc-raw,SG1D2E2,Dead,0.028056324373375855,0.0007350264255127226,0.36382536382536385,0.11023400336073033,0.7832686636806987,0.9819624820669908,0.7552123393073229,0.8764378223542006,0.02989040836908402,0.367983367983368,0.11496957300826811,Dead,0.7911926689007196,0.7613022605316356
sub-03_ses-06_task-AcousStim_acq-RH_desc-raw,SG1D2E7,Dead,0.01676488113911477,0.0005905874949628601,0.39293139293139295,0.06082056343442659,0.8472175515137444,1.0114751691758508,0.8304526703746297,0.8243493979226219,0.018127312248143866,0.39986139986139985,0.06530702682036461,Dead,0.868545003568962,0.8504176913208182
sub-03_ses-06_task-AcousStim_acq-RH_desc-raw,SG1D2E8,Dead,0.012056761374079305,0.0006263070705295456,0.41926541926541927,0.042563135240122014,0.8768661333621286,1.0162648516127202,0.8648093719880493,0.7804557221461534,0.013475518779687851,0.42134442134442135,0.047489102840470004,Dead,0.902999058692866,0.8895235399131781
sub-03_ses-06_task-AcousStim_acq-RH_desc-raw,SG1D2E13,Dead,0.009286356656921003,0.0006384534442963179,0.43173943173943174,0.032213832149854106,0.8953951488427733,1.017224766279735,0.8861087921858523,0.7353174509515911,0.010684320051556175,0.4365904365904366,0.03729730843806729,Dead,0.9258575957050421,0.9151732756534859
sub-03_ses-06_task-AcousStim_acq-RH_desc-raw,SG1D2E14,Dead,0.00879692125003012,0.0006317167799396933,0.43173943173943174,0.03006822442827704,0.8989459517249068,1.0177820327346299,0.8901490304748766,0.7333746568767532,0.010180878310676926,0.4352044352044352,0.03514248456859704,Dead,0.9304367091380605,0.9202558308273836
sub-03_ses-06_task-AcousStim_acq-RH_desc-raw,SG1D2E19,Dead,0.023233236802119618,0.0005658481335861584,0.37976437976437977,0.07466566567476979,0.8130656733731954,1.0100339658340303,0.7898324365710757,0.8187171103332354,0.025116071549514635,0.3756063756063756,0.08073013306103567,Dead,0.8229333122074136,0.7978172406578989
sub-03_ses-06_task-AcousStim_acq-RH_desc-raw,SG1D2E20,Dead,0.027740356717440778,0.0005765367636387012,0.36936936936936937,0.08735312918331066,0.7968284699994087,1.00680262738456,0.7690881132819679,0.8496892261151898,0.02973254536097819,0.3700623700623701,0.09308117013219798,Dead,0.8049969251888845,0.7752643798279063
sub-03_ses-06_task-AcousStim_acq-RH_desc-raw,SG1D2E25,Dead,0.030914861378213827,0.0006049709513084012,0.35065835065835066,0.09735186395219053,0.7767901294749463,1.0034002459431621,0.7458752680967325,0.8670052885357454,0.032861656199525836,0.352044352044352,0.10255982736132298,Dead,0.784654188985395,0.7517925327858691
sub-03_ses-06_task-AcousStim_acq-RH_desc-raw,SG1D2E26,Dead,0.03851223594716716,0.000918879985086962,0.3367983367983368,0.1214718090714153,0.7398796303785055,0.933465682128965,0.7013673944313383,0.904363854170335,0.04006175272998905,0.33957033957033955,0.12387775805033756,Dead,0.7502833611943784,0.7102216084643893
sub-03_ses-06_task-AcousStim_acq-RH_desc-raw,SG1D2E31,Dead,0.04033765396540406,0.001791673057307645,0.3270963270963271,0.12713674838382405,0.7322802736086594,0.7214907490380205,0.6919426196432553,0.9167309801755701,0.041560995283329655,0.3305613305613306,0.1282252541701972,Dead,0.7425361963412976,0.700975201057968
sub-03_ses-06_task-AcousStim_acq-RH_desc-raw,SG1D2E3,Dead,0.046127919358029956,0.0015410948930504491,0.325017325017325,0.15334780631754044,0.7122799308385216,0.8121661261122615,0.6661520114804916,0.9380870007547858,0.04744373201422831,0.3305613305613306,0.1549825341147119,Dead,0.7248832077045878,0.6774394756903594
sub-03_ses-06_task-AcousStim_acq-RH_desc-raw,SG1D2E9,Dead,0.036500112619869435,0.0010843762670969934,0.35550935550935553,0.13716451526353596,0.7820769160994723,1.0021719109182403,0.7455768034796029,0.9517461321863971,0.03759333783654089,0.3624393624393624,0.13894509625184223,Dead,0.805950590733316,0.7683572528967749
sub-03_ses-06_task-AcousStim_acq-RH_desc-raw,SG1D2E15,Dead,0.04248935758402026,0.0010529464577568545,0.3381843381843382,0.1715720671025321,0.7114766761617487,0.9574443211070262,0.6689873185777284,0.9374510610917385,0.044420357004504925,0.35065835065835066,0.17531751162328982,Dead,0.728488563291712,0.684068206287207
sub-03_ses-06_task-AcousStim_acq-RH_desc-raw,SG1D2E21,Dead,0.04554676247714542,0.0013090789721168024,0.3270963270963271,0.1762614519948715,0.706426250145983,0.7999575545827312,0.6608794876688376,0.9352566010715055,0.047104150768405614,0.3333333333333333,0.17784948052040478,Dead,0.7248872351745517,0.677783084406146
sub-03_ses-06_task-AcousStim_acq-RH_desc-raw,SG1D2E27,Dead,0.039840345860137565,0.0006120822628918089,0.3361053361053361,0.1517299040681702,0.7354305690207851,0.9777879092618733,0.6955902231606474,0.9405025067582163,0.04197069632879508,0.34234234234234234,0.15674794338126716,Dead,0.7444055968157102,0.7024349004869151
sub-03_ses-06_task-AcousStim_acq-RH_desc-raw,SG1D2E28,Dead,0.03625598813023479,0.0010422236840790038,0.3492723492723493,0.1321141401940825,0.750054078787836,0.987821923882312,0.7137980906576012,0.9406513842325218,0.03764392503548087,0.3652113652113652,0.13532706227003058,Dead,0.769316884831742,0.7316729597962611
sub-03_ses-06_task-AcousStim_acq-RH_desc-raw,SG1D2E22,Dead,0.04565611949832552,0.0011801296051491097,0.334026334026334,0.18030813636899307,0.7034961485104287,0.7998951161543546,0.6578400290121033,0.9362192618136939,0.047223408287715714,0.3374913374913375,0.18200110878768408,Dead,0.7223323884498926,0.6751089801621769
sub-03_ses-06_task-AcousStim_acq-RH_desc-raw,SG1D2E16,Dead,0.044471276055102676,0.000942797884568989,0.3381843381843382,0.17616608979756537,0.7140690398141847,0.9577762629646916,0.6695977637590821,0.9162790282119155,0.04659103656682628,0.3492723492723493,0.1797644284585998,Dead,0.7339698446769078,0.6873788081100815
sub-03_ses-06_task-AcousStim_acq-RH_desc-raw,SG1D2E10,Dead,0.04545987231633934,0.0012030557569174417,0.34234234234234234,0.1881835121162337,0.6975583996665164,0.838313875525529,0.652098527350177,0.9361519334640023,0.04712514950606576,0.3437283437283437,0.19040617932782242,Dead,0.7182815316885343,0.6711563821824684
sub-03_ses-06_task-AcousStim_acq-RH_desc-raw,SG1D2E4,Dead,0.02062025508277547,0.0004885823983374711,0.39154539154539153,0.07807937660337876,0.9021502688376571,0.9729411214177927,0.8815300137548817,0.8539195553937291,0.021790584750810863,0.3963963963963964,0.08424654777616832,Dead,0.9056528215469625,0.8838622367961516
sub-03_ses-06_task-AcousStim_acq-RH_desc-raw,SG1D2E32,Dead,0.03787981522692638,0.001017229323812285,0.36313236313236313,0.15305909502779938,0.7422941345873293,0.8960909174054467,0.7044143193604029,0.9457800992599865,0.038713467705771026,0.3665973665973666,0.15450384555233865,Dead,0.7488019717887249,0.7100885040829538
sub-03_ses-06_task-AcousStim_acq-RH_desc-raw,SG1D2E29,Dead,0.03899650349090794,0.001043338715294836,0.36174636174636177,0.15507640474487297,0.7346957657640574,0.9429991374067347,0.6956992622731495,0.9407731954186177,0.0399333495567307,0.3624393624393624,0.15688324825569253,Dead,0.7423124258308601,0.7023790762741293
sub-03_ses-06_task-AcousStim_acq-RH_desc-raw,SG1D2E30,Dead,0.03978972848607121,0.001264361994435481,0.36036036036036034,0.16048327022656378,0.7310420545582406,0.9181326646656468,0.6912523260721692,0.9454990503543994,0.04077880413087608,0.36382536382536385,0.16237655163611434,Dead,0.7393261143043897,0.6985473101735136
sub-03_ses-06_task-AcousStim_acq-RH_desc-raw,SG1D2E23,Dead,0.023055018705002,0.0007392080718384602,0.34511434511434513,0.14614723539583777,1.5361767537441537,1.0664717246499154,1.513121735039152,0.9249903187125798,0.025279847153480195,0.3575883575883576,0.14972848886735493,Dead,1.618020423726537,1.5927405765730567
sub-03_ses-06_task-AcousStim_acq-RH_desc-raw,SG1D2E24,Dead,0.04079709788859279,0.001115387148353605,0.3652113652113652,0.16746204306392656,0.7282436461787997,0.9147380550033362,0.6874465482902069,0.9421208574175023,0.04184394395475311,0.3659043659043659,0.16922899673967315,Dead,0.7382783505753222,0.6964344066205691
sub-03_ses-06_task-AcousStim_acq-RH_desc-raw,SG1D2E17,Dead,0.045289505011098095,0.0011351244669678886,0.3381843381843382,0.1842751135230125,0.7021839718407827,0.8914095598826063,0.6568944668296848,0.9368247215887147,0.04701736106360497,0.34164934164934163,0.1866195935379728,Dead,0.7227984426106681,0.6757810815470631
sub-03_ses-06_task-AcousStim_acq-RH_desc-raw,SG1D2E18,Dead,0.04939942115243847,0.001079278735676464,0.3270963270963271,0.20897792209822386,0.6738066280854489,0.7421731285551926,0.6244072069330104,0.9485236159034441,0.05134713676437249,0.3374913374913375,0.2113354924575784,Dead,0.6979078284217531,0.6465606916573806
sub-03_ses-06_task-AcousStim_acq-RH_desc-raw,SG1D2E11,Dead,0.04554322500201889,0.00120609975539177,0.3374913374913375,0.1930329360391348,0.6988637306837091,0.8121468642344682,0.6533205056816902,0.9355158424902844,0.0473264459144103,0.34788634788634787,0.1951941132652645,Dead,0.7212312375481885,0.6739047916337781
sub-03_ses-06_task-AcousStim_acq-RH_desc-raw,SG1D2E12,Dead,0.044981028257340135,0.0007803624505326393,0.3492723492723493,0.19622667497994112,0.7028493170429317,0.9243682061142117,0.6578682887855917,0.9369605898999842,0.04688580048731568,0.35273735273735274,0.19939983409231907,Dead,0.7249573063197169,0.6780715058324012
sub-03_ses-06_task-AcousStim_acq-RH_desc-raw,SG1D2E5,Dead,0.044725638887504436,0.0008619892656803787,0.35065835065835066,0.1949294010634703,0.7045329015475099,0.9036148655044923,0.6598072626600054,0.9322633872377598,0.04668943620385529,0.3568953568953569,0.1978568983929585,Dead,0.7283403362201986,0.6816509000163433
sub-03_ses-06_task-AcousStim_acq-RH_desc-raw,SG1D2E6,Dead,0.04114277185464245,0.0011005088691240833,0.36174636174636177,0.20078741130891672,0.7141858288299584,0.8432300842244265,0.673043056975316,0.9065939581466983,0.04310664098714696,0.367983367983368,0.20350876153074782,Dead,0.7439283867015672,0.7008217457144204
sub-03_ses-07_task-AcousStim_acq-LHanest_desc-raw,SG1D1E1,Dead,0.033824063806900236,0.0007804573142002989,0.21439509954058192,0.030850931434024828,0.5914564696732161,0.8522990779557533,0.5576324058663158,0.5283649482573255,0.03566505657099575,0.21439509954058192,0.03216550748179091,Dead,0.6033575942309313,0.5676925376599355
sub-03_ses-07_task-AcousStim_acq-LHanest_desc-raw,SG1D1E8,Dead,0.022069671889103328,0.0011752628206147839,0.22894333843797857,0.03592777477798419,0.6867310531490225,1.6091693346606672,0.6646613812599192,0.4712607702121038,0.023120199541439332,0.22664624808575803,0.03659404957730215,Dead,0.6900195735326132,0.6668993739911739
sub-03_ses-07_task-AcousStim_acq-LHanest_desc-raw,SG1D1E16,Dead,0.013727950647603676,0.0007394536839893792,0.3560490045941807,0.031094210899673107,0.7562028720375057,0.8315394982915049,0.7424749213899019,0.38761915225405524,0.014102682245059084,0.35758039816232773,0.031270629444629945,Dead,0.7633992742896805,0.7492965920446213
sub-03_ses-07_task-AcousStim_acq-LHanest_desc-raw,SG1D1E21,Dead,0.01268145763066516,0.0006217588837247883,0.30857580398162326,0.017390843396475217,0.711650882689126,0.7996686271375214,0.6989694250584609,0.5552438360507486,0.013070866034201595,0.30781010719754975,0.01764803956360338,Dead,0.7175229387841834,0.7044520727499818
sub-03_ses-07_task-AcousStim_acq-LHanest_desc-raw,SG1D1E9,Dead,0.027951841559941848,0.0007719139189764257,0.20520673813169985,0.040279669281563256,0.5770101791152195,0.563278205304756,0.5490583375552776,0.540673502097284,0.028927352408707124,0.2105666156202144,0.041071898051065224,Dead,0.5861839988933635,0.5572566464846563
sub-03_ses-07_task-AcousStim_acq-LHanest_desc-raw,SG1D1E5,Dead,0.030343119686529994,0.0009149009114593546,0.18989280245022971,0.03452945415520743,0.549773281948842,0.8622760279966558,0.519430162262312,0.536655543293814,0.031684901448231634,0.19142419601837674,0.035347080505352936,Dead,0.5569599302209252,0.5252750287726935
sub-03_ses-07_task-AcousStim_acq-LHanest_desc-raw,SG1D1E17,Dead,0.026099336644627973,0.0004478282955758785,0.1998468606431853,0.03319748463589819,0.5618713296734276,0.5084594199805548,0.5357719930287996,0.5356135614754994,0.02686483021057971,0.2006125574272588,0.03365630452513555,Dead,0.566572252804836,0.5397074225942563
sub-03_ses-07_task-AcousStim_acq-LHanest_desc-raw,SG1D1E22,Dead,0.029394955160524393,0.0007791075114101166,0.19678407350689128,0.03509064038632215,0.526211200342795,0.8512431909292036,0.49681624518227063,0.5399018805462418,0.030532666048254536,0.19754977029096477,0.035730886530846225,Dead,0.5298941626985871,0.4993614966503326
sub-03_ses-07_task-AcousStim_acq-LHanest_desc-raw,SG1D1E2,Dead,0.03343938482539264,0.0005408143658568714,0.20597243491577336,0.03129936815219487,0.5795891583263826,0.605063657687256,0.5461497735009899,0.5365763580348574,0.035159982688164754,0.20980091883614088,0.03267877980311805,Dead,0.5922605620630851,0.5571005793749203
sub-03_ses-07_task-AcousStim_acq-LHanest_desc-raw,SG1D1E14,Dead,0.031078371848732002,0.0004580392021106802,0.18223583460949463,0.037604143033715565,0.5247535654825279,0.5584273428051987,0.493675193633796,0.5585116801629618,0.032487172294892536,0.18300153139356815,0.03844768343792391,Dead,0.5317552319392795,0.499268059644387
sub-03_ses-07_task-AcousStim_acq-LHanest_desc-raw,SG1D1E10,Dead,0.029879440724981776,9.775014393413903e-05,0.18223583460949463,0.04118226872172589,0.5197829347782824,0.08978294955070329,0.48990349405330064,0.638454938539283,0.031557306772017665,0.18453292496171517,0.041811451890889126,Dead,0.5340653075645815,0.5025080007925639
sub-03_ses-07_task-AcousStim_acq-LHanest_desc-raw,SG1D1E18,Dead,0.03414764596560825,0.00033930369854104207,0.16309341500765698,0.038855888703712926,0.519013010335446,0.39390500017761215,0.4848653643698377,0.5500764314415975,0.03550194160548895,0.16845329249617153,0.03955650528166175,Dead,0.525719630630854,0.49021768902536506
sub-03_ses-07_task-AcousStim_acq-LHanest_desc-raw,SG1D1E6,Dead,0.032459239247427246,0.0007143878046257755,0.18376722817764166,0.039875335205369136,0.5443372667934907,0.5870379345660496,0.5118780275460635,0.5632626550327898,0.034006289726706,0.18683001531393567,0.04069543350155974,Dead,0.5546918403894069,0.5206855506627008
sub-03_ses-07_task-AcousStim_acq-LHanest_desc-raw,SG1D1E11,Dead,0.03367504961438187,0.0006965074157939777,0.17457886676875958,0.03623476178827307,0.5280478890744513,0.8362125422952491,0.49437283946006955,0.6263268667371629,0.0357125776968417,0.1776416539050536,0.03734671473467355,Dead,0.5375294270151489,0.5018168493183073
sub-03_ses-07_task-AcousStim_acq-LHanest_desc-raw,SG1D1E15,Dead,0.037235229138350104,0.0005452848477085258,0.16232771822358347,0.03802998899255584,0.5109129169951153,0.488239695201562,0.4736776878567652,0.613018054095992,0.039500044737495535,0.1669218989280245,0.039125554850288714,Dead,0.521247221260021,0.4817471765225254
sub-03_ses-07_task-AcousStim_acq-LHanest_desc-raw,SG1D1E3,Dead,0.0379946403693978,0.0008489818704783326,0.19525267993874426,0.04050495072716055,0.56607750522931,1.0029536529011451,0.5280828648599121,0.464249403269849,0.04006332539761716,0.1891271056661562,0.041958123758382426,Dead,0.5569326956269438,0.5168693702293267
sub-03_ses-07_task-AcousStim_acq-LHanest_desc-raw,SG1D1E23,Dead,0.042828335560707476,0.00034395837560157816,0.17381316998468607,0.048768363799479235,0.522527545579079,0.4082208335905919,0.47969921001837157,0.4861657838295295,0.04419493933035959,0.17611026033690658,0.049730633364521735,Dead,0.5293365261684423,0.48514158683808273
sub-03_ses-07_task-AcousStim_acq-LHanest_desc-raw,SG1D1E19,Dead,0.05497753303823996,0.0004564525221903919,0.1562021439509954,0.03938446837840024,0.5028175253682419,0.44948733012203296,0.447839992330002,0.5434605123570123,0.05997315243880829,0.16079632465543645,0.042630222818020494,Dead,0.5254667530141912,0.4654936005753829
sub-03_ses-07_task-AcousStim_acq-LHanest_desc-raw,SG1D1E7,Dead,0.03553767855311446,0.0007212418946973908,0.17917304747320062,0.02886253383628044,0.534904572297126,0.545411608287365,0.49936689374401144,0.6180784379891299,0.04116486841400776,0.18223583460949463,0.03822558261697023,Dead,0.5563132356778668,0.515148367263859
sub-03_ses-07_task-AcousStim_acq-LHanest_desc-raw,SG1D1E12,Dead,0.044527083504614436,0.00031615724803992477,0.16539050535987748,0.038695471899728384,0.5123297849193765,0.3232300953627708,0.4678027014147621,0.6506350767002408,0.04790251588861594,0.1669218989280245,0.04157772074027147,Dead,0.5258208964651216,0.47791838057650565
sub-03_ses-07_task-AcousStim_acq-LHanest_desc-raw,SG1D1E24,Dead,0.05017999196232187,0.0006353059433859517,0.20520673813169985,0.04073099071725754,0.5961738014328185,0.9463017686093621,0.5459938094704967,0.5189340306089639,0.05438863355881562,0.20903522205206737,0.04354251769918967,Dead,0.6052775125515165,0.5508888789927009
sub-03_ses-07_task-AcousStim_acq-LHanest_desc-raw,SG1D1E20,Dead,0.051566455160895336,0.0006014485634940507,0.19601837672281777,0.04259157077324968,0.582269174491862,0.9066664523358683,0.5307027193309667,0.5256669691358712,0.05566856525646999,0.2006125574272588,0.0453782553261733,Dead,0.5921763813537018,0.5365078160972317
sub-03_ses-07_task-AcousStim_acq-LHanest_desc-raw,SG1D1E13,Dead,0.03362824701397464,0.0006720974402704763,0.277947932618683,0.030741733739633063,0.7176825512563665,0.9709462683252724,0.6840543042423918,0.6748756228437355,0.03702887214894808,0.28483920367534454,0.03245008282678941,Dead,0.7201135772320045,0.6830847050830564
sub-03_ses-07_task-AcousStim_acq-LHanest_desc-raw,SG1D1E4,Dead,0.0321293668348532,0.0007219517086330583,0.2833078101071976,0.030386774671360653,0.7250963559108983,0.9643416251853243,0.692966989076045,0.6805956221957306,0.03546838448154103,0.2879019908116386,0.03203913309738246,Dead,0.7265482271415674,0.6910798426600264
sub-03_ses-07_task-AcousStim_acq-RH_desc-raw,SG1D2E1,Dead,0.059742816372823436,0.0014145480266014381,0.5679012345679012,0.02442439618836009,1.0679851642775209,0.9729846322565319,1.0082423479046974,0.3063938454007172,0.06757790956991791,0.5787037037037037,0.02735293553992944,Dead,1.0799495607652003,1.0123716511952825
sub-03_ses-07_task-AcousStim_acq-RH_desc-raw,SG1D2E2,Dead,0.07482927405215177,0.0019652495389946593,0.5432098765432098,0.024947719522204943,1.060929416402405,0.9911981641544118,0.9861001423502533,0.2614349666798897,0.08422071445243558,0.5601851851851852,0.02783725310489974,Dead,1.0731828795756264,0.9889621651231909
sub-03_ses-07_task-AcousStim_acq-RH_desc-raw,SG1D2E7,Dead,0.09110130532795484,0.0021497443773845146,0.5609567901234568,0.03183539235330897,1.093447435971795,0.9987046261494797,1.0023461306438401,0.28293807664592385,0.101831748813931,0.5810185185185185,0.03530562424706993,Dead,1.107515783287824,1.0056840344738929
sub-03_ses-07_task-AcousStim_acq-RH_desc-raw,SG1D2E8,Dead,0.08675613821813336,0.0023221713254718093,0.5447530864197531,0.027823613195589413,1.068031235124601,1.0014291427383362,0.9812750969064679,0.2493649321280009,0.09723120107283725,0.5439814814814815,0.030312577154440072,Dead,1.069789966171392,0.9725587650985549
sub-03_ses-07_task-AcousStim_acq-RH_desc-raw,SG1D2E13,Dead,0.08658693011627308,0.0020541119955408875,0.5493827160493827,0.030008967007844358,1.0703955119527238,0.9637203323816803,0.9838085818364507,0.2558132545282336,0.09760940149327425,0.5625,0.03299477026389058,Dead,1.089294283279616,0.9916848817863417
sub-03_ses-07_task-AcousStim_acq-RH_desc-raw,SG1D2E14,Dead,0.08744769871779001,0.0020634100132496456,0.5540123456790124,0.03084534941085569,1.077667294815396,0.9792817929036581,0.9902195960976061,0.24484947387422612,0.09876315784937326,0.5717592592592593,0.03456914287343389,Dead,1.098690764503135,0.9999276066537617
sub-03_ses-07_task-AcousStim_acq-RH_desc-raw,SG1D2E19,Dead,0.08427739531629935,0.0020044044224507857,0.5493827160493827,0.03063930621970269,1.0705962057863503,0.9857804589188953,0.9863188104700511,0.26507643355110694,0.09388498612687164,0.5555555555555556,0.03397314171677135,Dead,1.079097833435635,0.9852128473087632
sub-03_ses-07_task-AcousStim_acq-RH_desc-raw,SG1D2E20,Dead,0.0863195038099582,0.0018760796158512204,0.5632716049382716,0.03148143520856617,1.082377637863288,0.9856723323949963,0.9960581340533297,0.276425967880581,0.09664429134516059,0.5601851851851852,0.034800165842750745,Dead,1.09756245624879,1.0009181649036294
sub-03_ses-07_task-AcousStim_acq-RH_desc-raw,SG1D2E25,Dead,0.0865370846352955,0.00183849248679502,0.5702160493827161,0.032084085921203084,1.0889030691996935,0.9942299779703937,1.002365984564398,0.2759375513130213,0.09629136918005653,0.5686728395061729,0.03507689134904914,Dead,1.0964859443980137,1.000194575217957
sub-03_ses-07_task-AcousStim_acq-RH_desc-raw,SG1D2E26,Dead,0.08394590873674565,0.0019422779249135243,0.5432098765432098,0.030582609817326297,1.0685054235423022,0.980902781891955,0.9845595148055565,0.26416865224361624,0.09316898423823686,0.5509259259259259,0.0337063066602708,Dead,1.0748975654327988,0.9817285811945621
sub-03_ses-07_task-AcousStim_acq-RH_desc-raw,SG1D2E31,Dead,0.08659397531841469,0.0020528245890594136,0.5563271604938271,0.03215126114681813,1.0893793488670707,0.999591049497304,1.002785373548656,0.26268953646548887,0.09595134524686816,0.5625,0.035071141203663676,Dead,1.096704954116949,1.0007536088700808
sub-03_ses-07_task-AcousStim_acq-RH_desc-raw,SG1D2E3,Dead,0.08240260113838117,0.002070720038646353,0.5478395061728395,0.03066363585358619,1.067389312379704,0.9833677771576165,0.9849867112413228,0.2534906325704103,0.09129975195200908,0.5447530864197531,0.03353569705639719,Dead,1.0710192225049877,0.9797194705529785
sub-03_ses-07_task-AcousStim_acq-RH_desc-raw,SG1D2E9,Dead,0.08221829208333269,0.0018553606810970374,0.5401234567901234,0.030463865646621284,1.069836189205396,0.9858680600296573,0.9876178971220634,0.2465093759292899,0.09242118090876288,0.5501543209876543,0.03361204182875328,Dead,1.078029498240957,0.9856083173321941
sub-03_ses-07_task-AcousStim_acq-RH_desc-raw,SG1D2E15,Dead,0.07733172272824851,0.0019122839521814234,0.5509259259259259,0.028516104885234837,1.0732795257802643,0.991565594606188,0.9959478030520158,0.2277754947920434,0.08752726822191609,0.5632716049382716,0.03186261039893162,Dead,1.0828541667407257,0.9953268985188096
sub-03_ses-07_task-AcousStim_acq-RH_desc-raw,SG1D2E21,Dead,0.07814366513569322,0.0016973993029343155,0.5601851851851852,0.028208660827875463,1.073099970257753,0.9787516420032435,0.9949563051220599,0.24075467276502213,0.08908223279984548,0.5756172839506173,0.0314645927370289,Dead,1.0894434949447727,1.0003612621449272
sub-03_ses-07_task-AcousStim_acq-RH_desc-raw,SG1D2E27,Dead,0.0857982614632586,0.0019898157468556587,0.5640432098765432,0.03219951512551091,1.088694436255573,0.99084345318754,1.0028961747923144,0.28560433060249363,0.09563136786305271,0.566358024691358,0.03514695425530065,Dead,1.0982375854029551,1.0026062175399024
sub-03_ses-07_task-AcousStim_acq-RH_desc-raw,SG1D2E28,Dead,0.0859260360340523,0.0019077773691672276,0.5609567901234568,0.03202207729311685,1.0870746720730942,0.9883684376321162,1.001148636039042,0.25981039185655674,0.09527994452721299,0.5601851851851852,0.0350400342122543,Dead,1.095483658730486,1.000203714203273
sub-03_ses-07_task-AcousStim_acq-RH_desc-raw,SG1D2E22,Dead,0.07457471569397542,0.0018589531416248316,0.558641975308642,0.026225585329916572,1.0559886522090816,0.9881679587969386,0.9814139365151062,0.20980872356019242,0.08555679252887342,0.5617283950617284,0.02978095993464913,Dead,1.0642754946099835,0.97871870208111
sub-03_ses-07_task-AcousStim_acq-RH_desc-raw,SG1D2E16,Dead,0.08576814446543894,0.0020321502410622938,0.5532407407407407,0.03232578983931717,1.088847741377936,1.002977417238717,1.0030795969124973,0.2512896907822303,0.09505264307314581,0.5763888888888888,0.03520488878524851,Dead,1.0967026270249878,1.0016499839518418
sub-03_ses-07_task-AcousStim_acq-RH_desc-raw,SG1D2E10,Dead,0.07262602914601554,0.0018566814079280936,0.5516975308641975,0.026227261483764544,1.0519806637070042,0.9746327647326736,0.9793546345609886,0.24871485483515296,0.08224682996710699,0.5501543209876543,0.028898102766077294,Dead,1.053045184472827,0.9707983545057199
sub-03_ses-07_task-AcousStim_acq-RH_desc-raw,SG1D2E4,Dead,0.04147988426657248,0.0018298882165992604,0.5084876543209876,0.02282586884722084,1.0278715539723313,0.992762844870605,0.9863916697057588,0.3887929797077449,0.04746043434000617,0.5270061728395061,0.026590745587801654,Dead,1.0288898112075222,0.9814293768675159
sub-03_ses-07_task-AcousStim_acq-RH_desc-raw,SG1D2E32,Dead,0.07520825121489906,0.001535802549526716,0.5594135802469136,0.03029326053885,1.0793259723693087,1.002333220224481,1.0041177211544097,0.24663675876603924,0.08558309647754439,0.5594135802469136,0.03438371038311677,Dead,1.086909642917632,1.0013265464400876
sub-03_ses-07_task-AcousStim_acq-RH_desc-raw,SG1D2E29,Dead,0.054441575799834226,0.0018335465653892883,0.5216049382716049,0.02361114170252634,1.0353535761279313,0.9818344674074516,0.9809120003280972,0.2924236174351728,0.062050421191882664,0.5231481481481481,0.026671638029554502,Dead,1.0389301258485468,0.9768797046566643
sub-03_ses-07_task-AcousStim_acq-RH_desc-raw,SG1D2E30,Dead,0.03265410658624262,0.0015932222946867733,0.5131172839506173,0.02033813296502207,1.0310845223050193,0.9826167101795434,0.9984304157187768,0.1812515087016243,0.03636231780943901,0.5262345679012346,0.022194789655485568,Dead,1.0380700834672907,1.0017077656578517
sub-03_ses-07_task-AcousStim_acq-RH_desc-raw,SG1D2E23,Dead,0.07251918677361348,0.0018466587042762913,0.5401234567901234,0.03414762200965675,1.0544875407945067,1.002588145399939,0.9819683540208932,0.25253105241943014,0.08082929964861207,0.5447530864197531,0.03879809928016575,Dead,1.0570000770384564,0.9761707773898443
sub-03_ses-07_task-AcousStim_acq-RH_desc-raw,SG1D2E24,Dead,0.0753443673188656,0.0019941475034883738,0.5540123456790124,0.030109696618410807,1.0661361168457077,0.9889057824902078,0.9907917495268421,0.260664235442737,0.08427959279627453,0.5578703703703703,0.033558130450563266,Dead,1.068883293605763,0.9846037008094886
sub-03_ses-07_task-AcousStim_acq-RH_desc-raw,SG1D2E17,Dead,0.11117177296768797,0.00220783175321564,0.5640432098765432,0.03937026552547396,1.0899994539892526,1.0173742311822425,0.9788276810215646,0.24536133616327657,0.12555656703650783,0.5748456790123457,0.043491249814971496,Dead,1.108520153857316,0.9829635868208082
sub-03_ses-07_task-AcousStim_acq-RH_desc-raw,SG1D2E18,Dead,0.060883095684237595,0.001307059243897094,0.5455246913580247,0.031763151310335275,0.9678053817807841,0.951130737127197,0.9069222860965466,0.27798560413887424,0.06829063129274703,0.5570987654320988,0.036199752024408685,Dead,0.9735173539963112,0.9052267227035643
sub-03_ses-07_task-AcousStim_acq-RH_desc-raw,SG1D2E11,Dead,0.07211607820559371,0.001899259464215819,0.5501543209876543,0.028548740948930007,1.057031661199636,0.9995706679676144,0.9849155829940425,0.18647620168511042,0.08250562084139448,0.5555555555555556,0.0323916129330261,Dead,1.066251998306266,0.9837463774648716
sub-03_ses-07_task-AcousStim_acq-RH_desc-raw,SG1D2E12,Dead,0.08379500357027679,0.0018992378531208366,0.558641975308642,0.031405514234748785,1.0876066043321224,0.998430690340654,1.0038116007618456,0.24590934741248674,0.09284093379341496,0.5725308641975309,0.03427507404884646,Dead,1.095031722809379,1.0021907890159643
sub-03_ses-07_task-AcousStim_acq-RH_desc-raw,SG1D2E5,Dead,0.06588736022270017,0.0018708313369142117,0.5547839506172839,0.027822961481218066,1.0584054004821137,1.0016308726024625,0.9925180402594136,0.20294449557600322,0.07306258534211482,0.5408950617283951,0.030695792420002786,Dead,1.0633753719125276,0.9903127865704129
sub-03_ses-07_task-AcousStim_acq-RH_desc-raw,SG1D2E6,Dead,0.07655055221438889,0.0018813904375586479,0.5563271604938271,0.029736133155923432,1.0791466270813552,0.9900544375778974,1.0025960748669664,0.23507680092485886,0.08552051242787997,0.5601851851851852,0.032846996063313885,Dead,1.0904525784048038,1.0049320659769239
sub-03_ses-07_task-AcousStim_acq-RHanest_desc-raw,SG1D2E1,Dead,0.03469201213929792,0.00047833642101078607,0.2725880551301684,0.03316592818567136,0.6718087691211949,0.67499498898319,0.637116756981897,0.5172065793627507,0.03710875488469583,0.28101071975497705,0.03445975178357001,Dead,0.6934603787497161,0.6563516238650202
sub-03_ses-07_task-AcousStim_acq-RHanest_desc-raw,SG1D2E2,Dead,0.03309019034266848,0.0008065282581657999,0.2986217457886677,0.0326736306404265,0.7009224180561855,0.9847784151748621,0.667832227713517,0.4883137205441515,0.035888289076493586,0.3009188361408882,0.034260834337483274,Dead,0.7154904520753358,0.6796021629988422
sub-03_ses-07_task-AcousStim_acq-RHanest_desc-raw,SG1D2E7,Dead,0.013379627592287693,0.000797970916945186,0.389739663093415,0.018028972932714646,0.8478551472817147,1.008269875419126,0.8344755196894271,0.5595147658948322,0.015338544946204841,0.39739663093415006,0.019659810887704486,Dead,0.8451205568877219,0.829782011941517
sub-03_ses-07_task-AcousStim_acq-RHanest_desc-raw,SG1D2E8,Dead,0.03663835655060929,0.0004832109735069666,0.27029096477794795,0.034066937723636774,0.6688028591008514,0.5949246459321733,0.632164502550242,0.5621719130823388,0.039266732872867305,0.28101071975497705,0.03549315364876431,Dead,0.6930393369160128,0.6537726040431454
sub-03_ses-07_task-AcousStim_acq-RHanest_desc-raw,SG1D2E13,Dead,0.03555950925688748,0.0008814555670020975,0.277947932618683,0.03484251657824322,0.6961740057794799,0.9824813859500826,0.6606144965225924,0.5464080590415595,0.03841011551456424,0.2833078101071976,0.036687572697900954,Dead,0.7174870401885259,0.6790769246739617
sub-03_ses-07_task-AcousStim_acq-RHanest_desc-raw,SG1D2E14,Dead,0.03897048112975275,0.0007336712957826456,0.2871362940275651,0.03601495056422627,0.6879145792303174,1.0210972009494614,0.6489440981005646,0.5043363046129895,0.04147785608098731,0.2886676875957121,0.03743684872232096,Dead,0.7092424059301446,0.6677645498491573
sub-03_ses-07_task-AcousStim_acq-RHanest_desc-raw,SG1D2E19,Dead,0.038911012811549406,0.003720650929466172,0.277947932618683,0.0356988179771784,0.7506187176487825,4.949231054285368,0.7117077048372331,0.48555843942718824,0.041310010881874165,0.28560490045941805,0.03702487634616668,Dead,0.747815803795879,0.7065057929140048
sub-03_ses-07_task-AcousStim_acq-RHanest_desc-raw,SG1D2E20,Dead,0.04032048247032361,0.0006657836079597305,0.28177641653905056,0.03700037524291302,0.6972518588787399,0.7837979966152147,0.6569313764084161,0.4973432215464199,0.04281434385038711,0.2879019908116386,0.038395313432966545,Dead,0.7189517077610325,0.6761373639106453
sub-03_ses-07_task-AcousStim_acq-RHanest_desc-raw,SG1D2E25,Dead,0.0402419639285538,0.0017011138489805193,0.28024502297090353,0.037737591771545606,0.70777120238708,1.698674883619552,0.6675292384585262,0.5103065723718848,0.042837123756583134,0.29173047473200614,0.039225735196319896,Dead,0.7261677192225331,0.68333059546595
sub-03_ses-07_task-AcousStim_acq-RHanest_desc-raw,SG1D2E26,Dead,0.03834372424593181,0.000555136212909227,0.2787136294027565,0.035944206541474726,0.6713984968756317,0.4440484699064445,0.6330547726296998,0.551659092620543,0.04112629045201757,0.28637059724349156,0.037432163425899306,Dead,0.6957980741722409,0.6546717837202234
sub-03_ses-07_task-AcousStim_acq-RHanest_desc-raw,SG1D2E31,Dead,0.0387738339186211,0.002324758462229127,0.2771822358346095,0.03673591789358044,0.701638937820931,2.1179484555139623,0.6628651039023099,0.4889585195717466,0.04152994055896116,0.28254211332312407,0.03814365972239944,Dead,0.7193860132383264,0.6778560726793653
sub-03_ses-07_task-AcousStim_acq-RHanest_desc-raw,SG1D2E3,Dead,0.03794325588609826,0.0004469597813396814,0.2725880551301684,0.0353931912591717,0.6718091611719262,0.48697220379779077,0.6338659052858279,0.5194605291018374,0.04048751684825715,0.277947932618683,0.03674409927623175,Dead,0.6948085806472124,0.6543210637989553
sub-03_ses-07_task-AcousStim_acq-RHanest_desc-raw,SG1D2E9,Dead,0.03769879075485028,0.000814063568059939,0.26875957120980093,0.03489182580029385,0.6710837352155411,0.824331982761688,0.6333849444606908,0.5215175385795604,0.040454243263744596,0.28254211332312407,0.03641492927085363,Dead,0.6942221373448938,0.6537678940811492
sub-03_ses-07_task-AcousStim_acq-RHanest_desc-raw,SG1D2E15,Dead,0.0369077288205078,0.00041540332857913824,0.277947932618683,0.03615448388102741,0.672536183991655,0.6266209887802152,0.6356284551711472,0.5453652990864115,0.03961956251138151,0.28177641653905056,0.03761792373292233,Dead,0.6943408095783971,0.6547212470670156
sub-03_ses-07_task-AcousStim_acq-RHanest_desc-raw,SG1D2E21,Dead,0.036561626748051794,0.0005573233393375268,0.27565084226646247,0.03696921298359726,0.6621896359485435,0.4297255996006969,0.6256280092004918,0.5668292455611512,0.03968380921630616,0.28177641653905056,0.03886604146380541,Dead,0.687299275528068,0.6476154663117618
sub-03_ses-07_task-AcousStim_acq-RHanest_desc-raw,SG1D2E27,Dead,0.004904510424215946,0.0009088047171533083,0.48468606431852984,0.010166678464228187,0.9645746898158584,1.0097901005529422,0.9596701793916425,0.39363092031050445,0.005367972505540643,0.46401225114854516,0.011031815847486038,Dead,0.9545889526750551,0.9492209801695144
sub-03_ses-07_task-AcousStim_acq-RHanest_desc-raw,SG1D2E28,Dead,0.03000198172262523,0.0009287373838202812,0.2725880551301684,0.02990833059834578,1.8994399936627921,1.1682763419084392,1.8694380119401668,0.675706672965644,0.031636332799080395,0.2871362940275651,0.031374369496165115,Dead,1.9400574305573999,1.9084210977583196
sub-03_ses-07_task-AcousStim_acq-RHanest_desc-raw,SG1D2E22,Dead,0.038935844318097046,0.0006549603880377626,0.2787136294027565,0.03507988325891799,0.6801582872104251,0.8853282635812868,0.6412224428923281,0.5282518175253916,0.04146130139539957,0.2787136294027565,0.03649349089908467,Dead,0.7023205199009261,0.6608592185055266
sub-03_ses-07_task-AcousStim_acq-RHanest_desc-raw,SG1D2E16,Dead,0.0026927508674317612,0.0006134362908976478,0.45252679938744256,0.015593085974760423,0.9790833340092372,0.9963676728090027,0.9763905831418054,0.24769665805702273,0.003155700292406525,0.44946401225114857,0.01740128714546945,Dead,0.9958403546780862,0.9926846543856797
sub-03_ses-07_task-AcousStim_acq-RHanest_desc-raw,SG1D2E10,Dead,0.037605976780820845,0.0010452376538491186,0.27488514548238896,0.03442090021071305,0.6704530373067327,1.1507595202033896,0.6328470605259119,0.522995266836821,0.04021145421044779,0.27947932618683,0.03571035613839849,Dead,0.6929176079652041,0.6527061537547563
sub-03_ses-07_task-AcousStim_acq-RHanest_desc-raw,SG1D2E4,Dead,0.026775258508805414,0.0016918483484291518,0.29402756508422667,0.036720470664824326,0.6557271184140889,0.8093119788576242,0.6289518599052835,0.3748186223531149,0.02893970955562125,0.3016845329249617,0.04221641053174124,Dead,0.6803678217348047,0.6514281121791835
sub-03_ses-07_task-AcousStim_acq-RHanest_desc-raw,SG1D2E32,Dead,0.0153305000846673,0.0006096970085422061,0.3108728943338438,0.021470807634672056,0.6938739423717434,0.9648155340505887,0.6785434422870761,0.609643765549469,0.016065157132327253,0.3124042879019908,0.021687736929749356,Dead,0.7014128696612925,0.6853477125289652
sub-03_ses-07_task-AcousStim_acq-RHanest_desc-raw,SG1D2E29,Dead,0.017667145951122506,0.0006177301182253104,0.30398162327718226,0.02381423941916357,0.6733285507716111,0.8049746018144772,0.6556614048204886,0.601808512416302,0.018318194905236364,0.30245022970903523,0.0242722892555162,Dead,0.6829577673191172,0.6646395724138807
sub-03_ses-07_task-AcousStim_acq-RHanest_desc-raw,SG1D2E30,Dead,0.01977322716861703,0.00048573140384562577,0.2947932618683001,0.025176372623839153,0.664410450706469,0.5353005868762337,0.6446372235378519,0.5894799475831601,0.02053659500533422,0.2986217457886677,0.025655980922378252,Dead,0.6755936461551538,0.6550570511498196
sub-03_ses-07_task-AcousStim_acq-RHanest_desc-raw,SG1D2E23,Dead,0.037453096129086774,0.00034859005639660957,0.27488514548238896,0.03512685066771886,0.6738387029130939,0.48850663292996455,0.6363856067840071,0.52757750107105,0.03992254049180642,0.28024502297090353,0.03653405624840002,Dead,0.6964236060226664,0.6565010655308601
sub-03_ses-07_task-AcousStim_acq-RHanest_desc-raw,SG1D2E24,Dead,0.021211547994381158,0.0007690571432189123,0.29249617151607965,0.025776352092538455,0.6628117785271571,0.8477524396916463,0.6416002305327759,0.5834850222668216,0.022137075238502085,0.29326186830015316,0.026418645095507336,Dead,0.6750906025999763,0.6529535273614743
sub-03_ses-07_task-AcousStim_acq-RHanest_desc-raw,SG1D2E17,Dead,0.037534527871111036,0.00028445059594401224,0.27488514548238896,0.035202852115107916,0.6613315461829632,0.3708930933295851,0.6237970183118521,0.557828028288624,0.04018109039241019,0.2787136294027565,0.03662578954990422,Dead,0.6862597036960221,0.6460786133036118
sub-03_ses-07_task-AcousStim_acq-RHanest_desc-raw,SG1D2E18,Dead,0.03105419970304128,0.000541132096155442,0.25114854517611024,0.03277614562798245,0.6290281460527221,0.8132685878561203,0.5979739463496807,0.48726922991761834,0.03321932496997347,0.25344563552833077,0.03389850087896046,Dead,0.6505726324463942,0.6173533074764207
sub-03_ses-07_task-AcousStim_acq-RHanest_desc-raw,SG1D2E11,Dead,0.03674061104302329,0.0002904527201642682,0.27182235834609497,0.034075496356424186,0.6606165854058861,0.4410286342213352,0.6238759743628628,0.5492450906973293,0.03939038463965904,0.2725880551301684,0.03543928327338595,Dead,0.6856585627686828,0.6462681781290238
sub-03_ses-07_task-AcousStim_acq-RHanest_desc-raw,SG1D2E12,Dead,0.03655007539212605,0.0011370189517007612,0.27565084226646247,0.034257153643126315,0.6734557548283406,1.661963784439777,0.6369056794362147,0.5261781870077976,0.03909611424208207,0.276416539050536,0.0356202673180447,Dead,0.6952592921467613,0.6561631779046793
sub-03_ses-07_task-AcousStim_acq-RHanest_desc-raw,SG1D2E5,Dead,0.032346677485451114,6.1667703766367e-05,0.2664624808575804,0.03425227503378871,0.5791022585261012,0.08534328655451123,0.5467555810406501,0.6906606980991304,0.03540109566934578,0.276416539050536,0.035666206800150126,Dead,0.6132934242605796,0.577892328591234
sub-03_ses-07_task-AcousStim_acq-RHanest_desc-raw,SG1D2E6,Dead,0.029125238637064784,6.437774175735562e-05,0.27182235834609497,0.03286898867773467,0.5406622669829597,0.09292427344470948,0.5115370283458949,0.752566143682892,0.032393735896101054,0.28177641653905056,0.03437655344356974,Dead,0.5797041087836046,0.5473103728875034
sub-04_ses-01_task-AcousStim_acq-LH_desc-raw,CG2D1E1,Dead,0.007320837579101012,0.0005650736505610658,0.5240253853127833,0.03589362677849456,1.0024289899337344,0.9495469112568884,0.9951081523546335,0.4581173223610813,0.007392636224616103,0.5222121486854034,0.035259449250602426,Dead,1.0019067024310473,0.994514066206431
sub-04_ses-01_task-AcousStim_acq-LH_desc-raw,CG2D1E2,Dead,0.4139706090615897,0.025831594348215286,0.671804170444243,1.3583878524816597,2.3877914305249686,2.174988175293688,1.9738208214633788,0.9796510240311818,0.424730816442442,0.6727107887579329,1.4002853329760172,Dead,2.4133410129687536,1.9886101965263114
sub-04_ses-01_task-AcousStim_acq-RH_desc-raw,CG2D2E1,Active,1.540431891262625,0.007003274155997976,0.7923844061650045,3.4264350964158554,4.169943044880334,1.2694548669647838,2.629511153617709,0.9322080862722014,1.5853579947750691,0.7941976427923844,3.5171290516011484,Active,4.251222437361569,2.6658644425864995
sub-04_ses-01_task-AcousStim_acq-RH_desc-raw,CG2D2E2,Dead,0.07179040483142275,0.0017086138139972241,0.6228467815049864,0.1338764362477437,1.1341606950613794,1.0917819686360883,1.0623702902299568,0.5040479886967626,0.07372497325197454,0.6337262012692656,0.13516509628331855,Dead,1.1375453193215035,1.063820346069529
sub-04_ses-02_task-AcousStim_acq-LH_desc-raw,CG2D1E1,Dead,0.004745916216423244,0.0006303581248090357,0.5134627426424546,0.006558844543514817,0.9568779103856383,0.9849826642409988,0.9521319941692152,0.6014550297951,0.004897683794214136,0.5184721352536005,0.006660601960802494,Dead,0.9635194764887433,0.9586217926945292
sub-04_ses-02_task-AcousStim_acq-LH_desc-raw,CG2D1E2,Dead,0.056180323144809904,0.0004359280759648953,0.4289292423293676,0.09394492818935911,0.8490016892142729,0.7724628862175997,0.7928213660694631,0.5834911666960029,0.05853267891906948,0.4345648090169067,0.09979237297394888,Dead,0.8644614862853786,0.8059288073663091
sub-04_ses-02_task-AcousStim_acq-RH_desc-raw,CG2D2E1,Dead,0.020140011023000056,0.000975614958044907,0.5153412648716343,0.033672611158734926,1.007564812464142,0.9732807751235719,0.987424801441142,0.28918806305381445,0.020861942878392912,0.5228553537883531,0.03544145420331285,Dead,1.0160951556185667,0.9952332127401737
sub-04_ses-02_task-AcousStim_acq-RH_desc-raw,CG2D2E2,Dead,0.03902920357460694,0.0005733334180927564,0.480275516593613,0.05652154261144756,0.994532194962102,1.001820340508411,0.955502991387495,0.31575729950518133,0.04502300824092954,0.47276142767689416,0.06424103903073443,Dead,0.9992998975011292,0.9542768892601996
sub-04_ses-03_task-AcousStim_acq-LH_desc-raw,CG2D1E1,Dead,0.008594531085536258,0.015712023417685732,0.557421451787649,0.01038071017414576,1.168852541746565,1.0051777348751136,1.1602580106610287,0.5022575805178542,0.008849864536046618,0.5557963163596966,0.011167056702638126,Dead,1.1947034968104002,1.1858536322743536
sub-04_ses-03_task-AcousStim_acq-LH_desc-raw,CG2D1E2,Dead,0.07571341103910403,0.014755104356633629,0.44907908992416035,0.11206418834525365,0.9180818529867465,0.986968551818249,0.8423684419476424,0.8044681933079466,0.08321741594999525,0.4788732394366197,0.1282765549975602,Dead,0.9813287153098188,0.8981112993598236
sub-04_ses-03_task-AcousStim_acq-RH_desc-raw,CG2D2E1,Dead,0.004096555407903109,0.014540528957466008,0.46912242686890576,0.011837891493012965,0.8690558089692646,0.9858265240149127,0.8649592535613615,0.19139757485578593,0.005504990051114109,0.48970747562296857,0.012945431132494016,Dead,0.9290303162478982,0.9235253261967841
sub-04_ses-03_task-AcousStim_acq-RH_desc-raw,CG2D2E2,Dead,0.01797122452725118,0.01514989942320631,0.5303358613217768,0.0803116986050623,0.9790516407269956,0.9992015754171637,0.9610804161997444,0.580081919773664,0.02277489224414171,0.547670639219935,0.0920850585012788,Dead,0.9895410620670524,0.9667661698229105
sub-04_ses-04_task-AcousStim_acq-LH_desc-raw,CG2D1E1,Dead,0.01639158148847319,0.0008596296587410195,0.4606334841628959,0.045459619512748635,1.1204562395468263,1.0501648560982233,1.104064658058353,-0.2628644058197403,0.01687292100055059,0.46153846153846156,0.04691956166524779,Dead,1.1324328416120046,1.1155599206114541
sub-04_ses-04_task-AcousStim_acq-LH_desc-raw,CG2D1E2,Dead,0.016473013866007014,0.0012070866274941788,0.5212669683257919,0.029552092799290688,1.020204980110045,1.040535511934552,1.0037319662440378,-0.1937466000042355,0.016991174451891876,0.5239819004524887,0.0315964823405838,Dead,1.0274225792294296,1.0104314047775378
sub-04_ses-04_task-AcousStim_acq-RH_desc-raw,CG2D2E1,Dead,0.07673796179544205,0.0034960512902349676,0.5800904977375566,0.06495789663312942,1.1095897552452578,1.4796656136340798,1.0328517934498156,0.04204514505896887,0.07685541588458149,0.567420814479638,0.06543351401261188,Dead,1.0896305103167376,1.012775094432156
sub-04_ses-04_task-AcousStim_acq-RH_desc-raw,CG2D2E2,Dead,0.2538291109336271,0.000858663650785307,0.6760180995475114,0.1883608194700802,1.404287911025836,1.0096439596891793,1.150458800092209,0.24042775143595072,0.3050287466055394,0.6832579185520362,0.22630529738747188,Dead,1.5002207091962692,1.1951919625907297
sub-05_ses-01_task-AcousStim_acq-LH_desc-raw,SG2D1E12,Dead,0.005811121950154236,0.001419547770977987,0.48333333333333334,0.005324685787985285,0.9772848685270437,0.9855408473743998,0.9714737465768895,-0.19379336165940295,0.006210070122323089,0.48095238095238096,0.005459754062422562,Dead,0.9792837608878064,0.9730736907654834
sub-05_ses-01_task-AcousStim_acq-LH_desc-raw,SG2D1E8,Dead,0.031369543341064524,0.0011631798667458366,0.5178571428571429,0.030734123453165754,1.046778422260481,0.9873799646136431,1.0154088789194164,-0.4108509744672887,0.03312395832870538,0.525,0.03235183559513599,Dead,1.0558066645537074,1.022682706225002
sub-05_ses-01_task-AcousStim_acq-LH_desc-raw,SG2D1E1,Dead,0.006739799456914646,0.0013579003506104218,0.47023809523809523,0.0023432263711355905,0.9513533702165308,0.9909676536295653,0.944613570759616,0.03325876599389557,0.007269960016355565,0.46904761904761905,0.002721817544159722,Dead,0.9755021335830418,0.9682321735666862
sub-05_ses-01_task-AcousStim_acq-LH_desc-raw,SG2D1E5,Dead,0.3012635289400244,0.0010027039216933648,0.65,0.1298223861909444,1.1969283032888187,0.832734629181391,0.8956647743487944,-0.3117560567681796,0.3523058300163618,0.7011904761904761,0.21245342618724466,Dead,1.3482794534536218,0.9959736234372599
sub-05_ses-01_task-AcousStim_acq-LH_desc-raw,SG2D1E15,Dead,0.005270951571484819,0.0008811979546709214,0.4988095238095238,0.005192432902279115,1.0018460557076776,1.0229653806663168,0.9965751041361929,-0.2092377323095277,0.005894469299728413,0.49166666666666664,0.0051663947948413485,Dead,1.0092172789320142,1.0033228096322857
sub-05_ses-01_task-AcousStim_acq-LH_desc-raw,SG2D1E16,Dead,0.019555021133419736,0.0010163871623933324,0.5071428571428571,0.00989319381800489,1.0006748915476276,1.0375410513777774,0.9811198704142079,-0.2754191159401953,0.02167118402005777,0.5154761904761904,0.011939454527124912,Dead,1.0035665959019278,0.98189541188187
sub-05_ses-01_task-AcousStim_acq-LH_desc-raw,SG2D1E2,Dead,0.008870282307267502,0.0008650660788444365,0.4869047619047619,0.005018242533315518,0.9884780371873747,0.9789633194451227,0.9796077548801072,-0.36406876630191953,0.009169046877463952,0.49166666666666664,0.005771307950204889,Dead,1.0074548578842772,0.9982858110068135
sub-05_ses-01_task-AcousStim_acq-LH_desc-raw,SG2D1E13,Dead,0.13251409694581323,0.0010700461442675674,0.5976190476190476,0.07442835646229598,1.1428335773287142,0.9905728815151342,1.0103194803829008,-0.44919509349938935,0.14042802599550078,0.6047619047619047,0.08319573093813858,Dead,1.1523134889332494,1.0118854629377485
sub-05_ses-01_task-AcousStim_acq-LH_desc-raw,SG2D1E9,Dead,0.07578426078994932,0.001023002818504286,0.5392857142857143,0.06233042745921481,1.0902067582928088,0.9858206003575875,1.0144224975028593,-0.4579209227233182,0.08095707756416617,0.5404761904761904,0.06647184345053297,Dead,1.106365226020797,1.0254081484566309
sub-05_ses-01_task-AcousStim_acq-LH_desc-raw,SG2D1E6,Dead,0.3936168126747702,0.0010236005704350446,0.6988095238095238,0.22195205903209972,1.2805381695403284,0.837355944976288,0.8869213568655582,-0.4896610538804166,0.44656393993349563,0.7440476190476191,0.30135540227995367,Dead,1.4006452910752971,0.9540813511418016
sub-05_ses-01_task-AcousStim_acq-LH_desc-raw,SG2D1E10,Dead,0.2431573082363872,0.0008779796617401741,0.6821428571428572,0.14224195148087304,1.3122885603155932,1.0279415930471865,1.0691312520792058,-0.45759056490092637,0.2628653154704236,0.6904761904761905,0.15804297175478224,Dead,1.3515169742801938,1.08865165880977
sub-05_ses-01_task-AcousStim_acq-LH_desc-raw,SG2D1E3,Dead,0.014057985925398852,0.0009521707636942283,0.4654761904761905,0.02557744733212344,0.892134801081257,0.8350685420559467,0.8780768151558581,-0.6147142888684654,0.014469279178261537,0.49047619047619045,0.028499782890525238,Dead,0.9074758556353159,0.8930065764570543
sub-05_ses-01_task-AcousStim_acq-LH_desc-raw,SG2D1E17,Dead,0.03478271821675206,0.0008744246864224244,0.5333333333333333,0.01331851320774713,1.0083928145316952,1.0108277333324733,0.9736100963149431,-0.196091437487068,0.038124496957757256,0.5273809523809524,0.0159908264757767,Dead,1.0113006972205016,0.9731762002627443
sub-05_ses-01_task-AcousStim_acq-LH_desc-raw,SG2D1E18,Dead,0.11321241523829038,0.0016449259888870298,0.5607142857142857,0.08068825043589811,1.0819104702094802,0.9752215073470388,0.9686980549711898,-0.5657489233990126,0.12244377486142284,0.5904761904761905,0.08753230329875832,Dead,1.092095184616553,0.9696514097551301
sub-05_ses-01_task-AcousStim_acq-LH_desc-raw,SG2D1E14,Active,0.5007896703983243,0.001227775597379122,0.8035714285714286,0.3068887296900554,1.6030887694147944,0.9957539254375269,1.10229909901647,-0.48733252034045643,0.5265396938357914,0.8083333333333333,0.34132279179468406,Active,1.6428921829588252,1.1163524891230339
sub-05_ses-01_task-AcousStim_acq-LH_desc-raw,SG2D1E7,Dead,0.4738626611290536,0.001462552510012631,0.7511904761904762,0.3526547035401115,1.4355789024983818,1.019706809369741,0.9617162413693283,-0.5497049338508332,0.5393727466334178,0.7869047619047619,0.4467995141078342,Active,1.5366700172962173,0.9972972706627996
sub-05_ses-01_task-AcousStim_acq-LH_desc-raw,SG2D1E4,Dead,0.012334229507023876,0.0009320339153555089,0.47023809523809523,0.03973660537643549,0.9082566847376725,0.7800647790289241,0.8959224552306486,-0.7319274465578309,0.011109364193432525,0.47619047619047616,0.03612583017847923,Dead,0.9013337319279031,0.8902243677344706
sub-05_ses-01_task-AcousStim_acq-LH_desc-raw,SG2D1E11,Dead,0.47751750339187216,0.0011521932543905452,0.7488095238095238,0.2619462356234315,1.6126165641939116,0.9169986856672091,1.1350990608020395,-0.4792400081641858,0.5321656456460208,0.7797619047619048,0.31394432361859875,Active,1.7299667939447814,1.1978011482987605
sub-05_ses-01_task-AcousStim_acq-RH_desc-raw,SG2D2E8,Dead,0.03854752298812892,0.002930786660793418,0.580952380952381,0.024670768165136237,1.1647772897703694,2.0663965084008065,1.1262297667822405,-0.29277320891427405,0.039530448954324955,0.5845238095238096,0.024791335354830198,Dead,1.1652389306372795,1.1257084816829546
sub-05_ses-01_task-AcousStim_acq-RH_desc-raw,SG2D2E1,Dead,0.011588538934417738,0.001697857006629203,0.5428571428571428,0.012670016844070282,1.0910739540776575,1.3926730493895554,1.0794854151432398,-0.029704467180385708,0.011892967155650148,0.5333333333333333,0.013078745690875406,Dead,1.0884187004564165,1.0765257333007663
sub-05_ses-01_task-AcousStim_acq-RH_desc-raw,SG2D2E5,Dead,0.02190581369070156,0.0011444757776991326,0.5535714285714286,0.020101990856648193,1.0976120255102204,1.0273716569261355,1.0757062118195189,-0.1737297680559555,0.02246990835609268,0.5583333333333333,0.020257431492872843,Dead,1.0981243689173728,1.0756544605612801
sub-05_ses-01_task-AcousStim_acq-RH_desc-raw,SG2D2E12,Dead,0.03094798547477755,0.0013859073933807954,0.5785714285714286,0.0231198958319679,1.137151146969699,1.0296398146561354,1.1062031614949215,-0.05554731416260964,0.031843679660939955,0.5869047619047619,0.02310341945225742,Dead,1.144248887387035,1.112405207726095
sub-05_ses-01_task-AcousStim_acq-RH_desc-raw,SG2D2E15,Dead,0.013105551673757232,0.0010547593064161186,0.5654761904761905,0.008749762649728602,1.076390440127572,1.0105872850966826,1.0632848884538146,-0.15917489809877333,0.013382140822477597,0.5666666666666667,0.007620417625866761,Dead,1.0791626528769043,1.0657805120544266
sub-05_ses-01_task-AcousStim_acq-RH_desc-raw,SG2D2E16,Dead,0.02080073844716636,0.0011158655237571544,0.5702380952380952,0.014852491888983403,1.0796227819219426,1.0286783199271243,1.0588220434747764,-0.11745614583771445,0.021326255276235495,0.5785714285714286,0.01433005442848706,Dead,1.082889915538546,1.0615636602623104
sub-05_ses-01_task-AcousStim_acq-RH_desc-raw,SG2D2E2,Dead,0.007895221656573673,0.0012484000603704935,0.5166666666666667,0.008884934925883877,1.0351297007250984,1.0201422823220305,1.0272344790685248,0.21840381980880708,0.00811163799802402,0.5107142857142857,0.00919621599496608,Dead,1.0345884154081209,1.026476777410097
sub-05_ses-01_task-AcousStim_acq-RH_desc-raw,SG2D2E9,Dead,0.029910232214135305,0.0014726639012140397,0.5916666666666667,0.02488433899070123,1.1331613918596424,1.0469410127106011,1.103251159645507,-0.15486284683854984,0.03078271797351758,0.5904761904761905,0.024823713045992284,Dead,1.1405186181153584,1.1097359001418408
sub-05_ses-01_task-AcousStim_acq-RH_desc-raw,SG2D2E6,Dead,0.020441756052759243,0.004241536029263516,0.5476190476190477,0.021169527115617207,1.1325463719120537,3.5987707276058174,1.1121046158592944,-0.23551628495963997,0.02107483484111725,0.5523809523809524,0.021479170239243586,Dead,1.1240155017581719,1.1029406669170547
sub-05_ses-01_task-AcousStim_acq-RH_desc-raw,SG2D2E10,Dead,0.023886573732929003,0.001474527795677978,0.580952380952381,0.020396079995223106,1.1225354837286394,1.1246239510521419,1.0986489099957104,-0.13264434095474195,0.024561858328044178,0.5821428571428572,0.020398918845696338,Dead,1.1294177416820015,1.1048558833539572
sub-05_ses-01_task-AcousStim_acq-RH_desc-raw,SG2D2E13,Dead,0.03114965789403099,0.0015377099068308929,0.580952380952381,0.02506483077338429,1.137159069039302,1.0409438703705962,1.1060094111452712,-0.12630607236256677,0.03205361786848721,0.5845238095238096,0.025102697997774075,Dead,1.1432358363384458,1.1111822184699585
sub-05_ses-01_task-AcousStim_acq-RH_desc-raw,SG2D2E3,Dead,0.005948097644580749,0.0012247111110714895,0.5190476190476191,0.006191927617455529,1.0241835005802327,1.0121557423701346,1.0182354029356517,0.3244706085098756,0.006104843031584771,0.5202380952380953,0.00635602515348716,Dead,1.026412612473732,1.0203077694421474
sub-05_ses-01_task-AcousStim_acq-RH_desc-raw,SG2D2E17,Dead,0.028062382510490636,0.0012921999820946434,0.5857142857142857,0.022114446278686743,1.096210945370345,1.0502869464817932,1.0681485628598544,-0.14417737808577302,0.028924873639215955,0.5916666666666667,0.02179841474673858,Dead,1.1011041902638632,1.0721793166246474
sub-05_ses-01_task-AcousStim_acq-RH_desc-raw,SG2D2E18,Dead,0.03752976438020412,0.0012210619555171446,0.6023809523809524,0.028866126980152226,1.1385018883650746,1.0542091095352606,1.1009721239848704,-0.3063426154970715,0.03880967723719824,0.6023809523809524,0.02930861031312274,Dead,1.1453860702537921,1.106576393016594
sub-05_ses-01_task-AcousStim_acq-RH_desc-raw,SG2D2E7,Dead,0.007074926923906114,0.0015075172202118241,0.513095238095238,0.005716418323391165,1.028258671669545,1.0531943350579034,1.0211837447456389,-0.2730298620652517,0.00730233031471217,0.5297619047619048,0.0059890893878649576,Dead,1.036970233560852,1.0296679032461395
sub-05_ses-01_task-AcousStim_acq-RH_desc-raw,SG2D2E4,Dead,0.005259895613855284,0.001317877387012735,0.5214285714285715,0.006288834177949734,1.0225245864598016,0.9919680396415029,1.0172646908459462,0.44339234605548156,0.005366259722101592,0.5273809523809524,0.006522236520815862,Dead,1.0261588893983842,1.0207926296762826
sub-05_ses-01_task-AcousStim_acq-RH_desc-raw,SG2D2E11,Dead,0.004005351489526906,0.003266621656771195,0.5511904761904762,0.005755252047329659,1.141851567335498,2.3942277431556747,1.1378462158459712,-0.15348544726488075,0.003955856357431709,0.5428571428571428,0.005753838745856174,Dead,1.131506693580747,1.1275508372233154
sub-05_ses-01_task-AcousStim_acq-RH_desc-raw,SG2D2E14,Dead,0.03217392764587898,0.0013892666139163083,0.5833333333333334,0.029659967049498834,1.1395173049366583,1.0448447863277115,1.1073433772907793,-0.24047340731372777,0.03310124317483579,0.5916666666666667,0.029816618847913832,Dead,1.1479540413907265,1.1148527982158907
sub-05_ses-02_task-AcousStim_acq-LH_desc-raw,SG2D1E12,Dead,0.010151192334730313,0.00042193825498487985,0.328,0.01440147629183041,0.7089840397156368,0.7948624172838006,0.6988328473809066,0.8321594404776588,0.009997447379958842,0.32984615384615384,0.014550966349902572,Dead,0.7160437645148146,0.7060463171348558
sub-05_ses-02_task-AcousStim_acq-LH_desc-raw,SG2D1E8,Dead,0.0021427323325315553,0.000590409531352072,0.4726153846153846,0.013339944581632162,0.972371675259441,0.8174098788272577,0.9702289429269094,0.5582600147163711,0.002494129883600664,0.48738461538461536,0.015675636451672987,Dead,0.9913467937575929,0.9888526638739922
sub-05_ses-02_task-AcousStim_acq-LH_desc-raw,SG2D1E1,Dead,0.013296551894276887,0.0004038029518244205,0.40307692307692305,0.016686715201750895,0.841363954467056,0.761989566731538,0.8280674025727791,0.25829807891171547,0.016551868148521838,0.42830769230769233,0.01992239157473724,Dead,0.8979076273698826,0.8813557592213608
sub-05_ses-02_task-AcousStim_acq-LH_desc-raw,SG2D1E5,Dead,0.13165904084301458,0.00023357623147440221,0.3243076923076923,0.1840730392659194,0.7021183030389583,0.39935860259445716,0.5704592621959438,0.778850139924487,0.1384240444577235,0.3513846153846154,0.20426513555052211,Dead,0.7648249250835292,0.6264008806258057
sub-05_ses-02_task-AcousStim_acq-LH_desc-raw,SG2D1E15,Dead,0.0052851870135192675,0.0007947025192017748,0.5101538461538462,0.0109980229678152,0.9958929976430415,1.017155172159353,0.9906078106295222,0.27110989494227716,0.005685732877782131,0.512,0.011156838079585505,Dead,1.0006346019515384,0.9949488690737563
sub-05_ses-02_task-AcousStim_acq-LH_desc-raw,SG2D1E16,Dead,0.0037300405066714865,0.00040873100307331695,0.4166153846153846,0.006145323652748358,0.8499724699947231,0.7842951899986658,0.8462424294880516,0.6410205528872829,0.0036360565242873613,0.42338461538461536,0.005923691723872394,Dead,0.8539908257699121,0.8503547692456249
sub-05_ses-02_task-AcousStim_acq-LH_desc-raw,SG2D1E2,Dead,0.01201270390950117,0.00036055817315723944,0.35384615384615387,0.019361446440856314,0.7663812805656337,0.5862434495121301,0.7543685766561326,0.19867029389675273,0.014266894966696413,0.38153846153846155,0.020629545746414707,Dead,0.8133661257458545,0.7990992307791581
sub-05_ses-02_task-AcousStim_acq-LH_desc-raw,SG2D1E13,Dead,0.019849429700702824,0.00041182329546219444,0.24553846153846154,0.03326569546386804,0.5750848576739688,0.6142046479258091,0.5552354279732659,0.8084415782617674,0.01915399225117239,0.24615384615384617,0.03316404897849645,Dead,0.5778553919506074,0.5587013996994351
sub-05_ses-02_task-AcousStim_acq-LH_desc-raw,SG2D1E9,Dead,0.0051776337525482295,0.00046028650527209003,0.37846153846153846,0.015411570663745102,0.7850638731076761,0.6661807361350461,0.7798862393551279,0.6779878271018736,0.005043106095581068,0.38646153846153847,0.017175322580021517,Dead,0.7990222076034926,0.7939791015079115
sub-05_ses-02_task-AcousStim_acq-LH_desc-raw,SG2D1E6,Dead,0.10548946065382213,0.0003327923860302597,0.26953846153846156,0.13905134169668315,0.6140281220164837,0.330596357023356,0.5085386613626616,0.6540360493561296,0.11061752136424885,0.29846153846153844,0.15469932186885543,Dead,0.6768367109495074,0.5662191895852585
sub-05_ses-02_task-AcousStim_acq-LH_desc-raw,SG2D1E10,Dead,0.028504624973715913,0.00030898589354312963,0.26153846153846155,0.03939360010134857,0.6164569928789712,0.6908218620600124,0.5879523679052552,0.7004404019159276,0.026788607287802222,0.26892307692307693,0.04036601817966315,Dead,0.623083437061227,0.5962948297734247
sub-05_ses-02_task-AcousStim_acq-LH_desc-raw,SG2D1E3,Dead,0.03814726637655365,0.0002576983828258009,0.3803076923076923,0.10582563206509386,0.7280159967958711,0.46874611230355756,0.6898687304193175,0.5755875145298748,0.0407005238584243,0.39384615384615385,0.09170954042869822,Dead,0.7934851611539591,0.7527846372955347
sub-05_ses-02_task-AcousStim_acq-LH_desc-raw,SG2D1E17,Dead,0.007347624248572314,0.00018307887749078336,0.2473846153846154,0.010388562369327696,0.5560472315273999,0.3275096358477611,0.5486996072788275,0.630624931433307,0.007588835022406916,0.24861538461538463,0.010383021379642261,Dead,0.5594284282612287,0.5518395932388218
sub-05_ses-02_task-AcousStim_acq-LH_desc-raw,SG2D1E18,Dead,0.019779949213131594,0.0001605233111957556,0.184,0.0177777857599975,0.5036293753043463,0.36237403423239006,0.4838494260912146,0.7021233542046984,0.02059076768449528,0.18769230769230769,0.018667592019589393,Dead,0.5152122227133159,0.49462145502882054
sub-05_ses-02_task-AcousStim_acq-LH_desc-raw,SG2D1E14,Dead,0.04449318191905747,0.0002444541850981505,0.17969230769230768,0.06574715900414277,0.5104877652553658,0.4204023754563016,0.4659945833363083,0.6967825164815042,0.04236778349248532,0.17969230769230768,0.06434295342182629,Dead,0.51095493311911,0.4685871496266247
sub-05_ses-02_task-AcousStim_acq-LH_desc-raw,SG2D1E7,Dead,0.23263391783128354,0.00022312143314862245,0.32,0.2524977889059192,0.7579146718383669,0.2879923220006483,0.5252807540070833,0.465250839134712,0.2120909955228736,0.3261538461538461,0.2379082570120256,Dead,0.7504615094338144,0.5383705139109407
sub-05_ses-02_task-AcousStim_acq-LH_desc-raw,SG2D1E4,Dead,0.044879546977120786,0.0002473473449177403,0.3667692307692308,0.09093747573083746,0.690719156088591,0.41700540803169733,0.6458396091114702,0.5900546569384184,0.04669043114380719,0.3963076923076923,0.08142439262251183,Dead,0.7822085871649526,0.7355181560211453
sub-05_ses-02_task-AcousStim_acq-LH_desc-raw,SG2D1E11,Dead,0.06355374659181313,0.000300510663642061,0.2670769230769231,0.07526102079444354,0.642504678006079,0.7432880275188875,0.5789509314142658,0.6277284322477291,0.05915366408749444,0.2713846153846154,0.07264618623805401,Dead,0.6447607125779291,0.5856070484904347
sub-05_ses-02_task-AcousStim_acq-RH_desc-raw,SG2D2E8,Dead,0.0025854178959915076,0.0006144231694730936,0.5224615384615384,0.007743055986927386,1.0358772203363646,0.9859903144208728,1.0332918024403732,0.1767222749039869,0.0030503330157844186,0.5249230769230769,0.007517704196945183,Dead,1.0392446852232837,1.0361943522074992
sub-05_ses-02_task-AcousStim_acq-RH_desc-raw,SG2D2E1,Dead,0.0007484619737260171,0.0010004508628555034,0.49538461538461537,0.19890301503768767,0.9878366394060648,0.999092040549856,0.9870881774323388,-0.5610309676261503,0.0017606627360351344,0.5009230769230769,0.18630162170664719,Dead,0.9819725069034845,0.9802118441674494
sub-05_ses-02_task-AcousStim_acq-RH_desc-raw,SG2D2E5,Dead,0.001904667288123099,0.0008524279960720268,0.512,0.004606383743306537,1.0407386087799004,0.9977281763886268,1.0388339414917773,0.24114157754055948,0.00223641435064579,0.5156923076923077,0.004818349927607574,Dead,1.042967323076372,1.0407309087257264
sub-05_ses-02_task-AcousStim_acq-RH_desc-raw,SG2D2E12,Dead,0.0018854253698091493,0.0005054574085012166,0.5304615384615384,0.0035462855009612067,1.087069328231935,1.0163105877350826,1.0851839028621257,0.26289058417181616,0.0021659198038413937,0.5335384615384615,0.0033696484593895427,Dead,1.088682945119493,1.0865170253156515
sub-05_ses-02_task-AcousStim_acq-RH_desc-raw,SG2D2E15,Dead,0.002801663353340471,0.0007085234775713669,0.5052307692307693,0.003869355274424588,1.024033304150634,1.0550707069382708,1.0212316407972934,-0.21154845044425447,0.002784955607394995,0.5046153846153846,0.0038170471408326976,Dead,1.0227323691484669,1.0199474135410718
sub-05_ses-02_task-AcousStim_acq-RH_desc-raw,SG2D2E16,Dead,0.001673349265211426,0.0006351602473880846,0.5070769230769231,0.003021261496516596,0.9957780721520513,0.9548306984328634,0.9941047228868398,-0.10160206581629379,0.0017266626710277157,0.5064615384615384,0.002898937133092835,Dead,0.9946395683436353,0.9929129056726077
sub-05_ses-02_task-AcousStim_acq-RH_desc-raw,SG2D2E2,Dead,0.0017312026111165717,0.000771251108246554,0.5187692307692308,0.005831012435768547,1.0407263504429618,0.9976237257057343,1.0389951478318453,0.25068461341087644,0.0021863497727710097,0.5175384615384615,0.006438398408747907,Dead,1.0419162113416212,1.0397298615688502
sub-05_ses-02_task-AcousStim_acq-RH_desc-raw,SG2D2E9,Dead,0.0022392924849255593,0.0006066641879931103,0.5316923076923077,0.00657459573058375,1.0544614364308564,0.9917638247704585,1.052222143945931,0.25459721685287934,0.00270311698981897,0.5329230769230769,0.0063713399159843215,Dead,1.0566051469374382,1.0539020299476192
sub-05_ses-02_task-AcousStim_acq-RH_desc-raw,SG2D2E6,Dead,0.0030141866496428975,0.0008317521474476213,0.5126153846153846,0.007068693470285283,1.033099989444511,0.9879570878005638,1.030085802794868,0.32164029247533266,0.00363676209620101,0.5126153846153846,0.007377020597607199,Dead,1.0366349098951064,1.0329981477989054
sub-05_ses-02_task-AcousStim_acq-RH_desc-raw,SG2D2E10,Dead,0.002950196986586217,0.0006731102490334853,0.5329230769230769,0.0076944064066868136,1.0490199080619576,0.9997733645386859,1.0460697110753712,0.2631150066359198,0.0035039702018342007,0.5329230769230769,0.0075798172821482405,Dead,1.0531752739365519,1.0496713037347176
sub-05_ses-02_task-AcousStim_acq-RH_desc-raw,SG2D2E13,Dead,0.0020262870715297672,0.0005695354538189617,0.5390769230769231,0.004142864046605981,1.0803471517991006,1.0293378735147005,1.0783208647275708,0.1403672650764915,0.0022786158039741706,0.5421538461538462,0.003904252862152522,Dead,1.0841665772951703,1.0818879614911963
sub-05_ses-02_task-AcousStim_acq-RH_desc-raw,SG2D2E3,Dead,0.0022237537836233977,0.0009038628761829485,0.5144615384615384,0.006082251068799409,1.0275187311637337,0.9861403295829944,1.0252949773801103,0.2552984573680118,0.002709262247758598,0.5150769230769231,0.006614730928553694,Dead,1.0299307742425448,1.0272215119947863
sub-05_ses-02_task-AcousStim_acq-RH_desc-raw,SG2D2E17,Dead,0.0011558984079377895,0.000952287606799702,0.5083076923076923,0.003225579496485589,0.9981703793154753,1.0367625559530331,0.9970144809075375,0.25734725530829977,0.0011895981047839418,0.5076923076923077,0.002864950352762233,Dead,0.9954916561860608,0.994302058081277
sub-05_ses-02_task-AcousStim_acq-RH_desc-raw,SG2D2E18,Dead,0.0003445345645421236,0.0006877266754408258,0.5150769230769231,0.00201293363932556,0.9952539003945797,1.0143781708509214,0.9949093658300376,0.423211473121852,0.0003503046848899894,0.5150769230769231,0.0017874516536675372,Dead,0.9924537461908718,0.9921034415059818
sub-05_ses-02_task-AcousStim_acq-RH_desc-raw,SG2D2E7,Dead,0.006454347041451168,0.0009733373316624314,0.5064615384615384,0.012687297385299631,1.0070982034856368,0.9556665310561412,1.0006438564441855,0.48415247053849453,0.007664830917699031,0.5101538461538462,0.012976894025569731,Dead,1.0203709780449448,1.0127061471272458
sub-05_ses-02_task-AcousStim_acq-RH_desc-raw,SG2D2E4,Dead,0.003139686041386757,0.0009272369966232228,0.5107692307692308,0.007791078504938479,1.0266870305212386,0.9898090879498862,1.023547344479852,0.27379226862775424,0.0036823978574964185,0.512,0.008208370356342662,Dead,1.0298041707977168,1.0261217729402203
sub-05_ses-02_task-AcousStim_acq-RH_desc-raw,SG2D2E11,Dead,0.004080346991206723,0.0006666236116318301,0.5261538461538462,0.012108215707695172,1.0337359328876186,1.0261934189839126,1.0296555858964116,0.14920242965454347,0.004888910655882666,0.5310769230769231,0.012062105830864395,Dead,1.0402540110000433,1.0353651003441606
sub-05_ses-02_task-AcousStim_acq-RH_desc-raw,SG2D2E14,Dead,0.002623760523293516,0.0010703728838965362,0.49846153846153846,0.14212237158345611,0.9967590230906989,0.9961294786851316,0.9941352625674054,-0.8049657476227676,0.0038801711706397774,0.49538461538461537,0.14414008516923987,Dead,0.9966804732343026,0.9928003020636629
sub-06_ses-02_task-AcousStim_acq-LH_desc-raw,SG2D1E12,Dead,0.00010341594585245914,0.0004651783945358138,0.5062001771479185,0.003341073071618121,1.0004848197373872,0.959182301560928,1.0003814037915348,-0.33194123285826377,0.00010615035159763275,0.5062001771479185,0.003278416397891139,Dead,0.9999040065488206,0.9997978561972231
sub-06_ses-02_task-AcousStim_acq-LH_desc-raw,SG2D1E8,Dead,0.00015467274442690384,0.0004966976692852246,0.4920283436669619,0.0029151587885211565,1.0100012878857134,1.0009053376606354,1.0098466151412864,-0.3759215901886316,0.0001549768316865885,0.49867139061116034,0.0029259467726582794,Dead,1.009617687754897,1.0094627109232104
sub-06_ses-02_task-AcousStim_acq-LH_desc-raw,SG2D1E1,Dead,0.0005948104071736337,0.0003296239055991417,0.5031000885739593,0.0034388693502920968,1.0181559679330459,1.0229246953439801,1.017561157525872,0.012524038237747124,0.0006533971483709099,0.5057573073516386,0.003796183293986542,Dead,1.0253825134332828,1.024729116284912
sub-06_ses-02_task-AcousStim_acq-LH_desc-raw,SG2D1E5,Dead,0.00022710347120701583,0.0003927029425825315,0.4867139061116032,0.0033003072702012083,0.9926295893311478,0.9768971423926445,0.9924024858599408,-0.13445661060780836,0.0002282718654344546,0.4858281665190434,0.003499393419749883,Dead,0.9907458538688851,0.9905175820034506
sub-06_ses-02_task-AcousStim_acq-LH_desc-raw,SG2D1E15,Dead,0.0003183068781039339,0.00033631186327004816,0.508414526129318,0.004419978199194585,1.0013287827731883,0.9974537984252566,1.0010104758950844,-0.1305886690490374,0.0003211378159367671,0.5070859167404783,0.004686008608134022,Dead,1.004297005012461,1.0039758671965242
sub-06_ses-02_task-AcousStim_acq-LH_desc-raw,SG2D1E16,Dead,0.00014557388072166123,0.0006028934516302172,0.5101860053144376,0.0028993225402359087,1.009426112851176,0.9637033203116608,1.0092805389704542,-0.12546714354235566,0.00014977769573954982,0.5110717449069974,0.0028549890732321873,Dead,1.0142300558486919,1.0140802781529525
sub-06_ses-02_task-AcousStim_acq-LH_desc-raw,SG2D1E2,Dead,0.0006837558802601873,0.00044314258955005476,0.5115146147032772,0.0033273615243011186,1.0178355288849732,1.0132209658513613,1.017151773004713,-0.3354366772995743,0.0007671413504588193,0.5048715677590788,0.003692122808718296,Dead,1.0263357325360685,1.0255685911856096
sub-06_ses-02_task-AcousStim_acq-LH_desc-raw,SG2D1E13,Dead,0.0001531502140660878,0.0006188381030868308,0.5022143489813995,0.0035486277148832177,0.9969862426978315,0.9379096796617007,0.9968330924837654,0.030672998101604586,0.0001556032318197791,0.4973427812223206,0.0035444578823310463,Dead,0.996952446934829,0.9967968437030091
sub-06_ses-02_task-AcousStim_acq-LH_desc-raw,SG2D1E9,Dead,0.0001760046651479559,0.00042671230134194845,0.4951284322409212,0.0030226812549204096,1.0065856439268268,0.980309340836118,1.0064096392616788,-0.10796045878640283,0.00018182248627690296,0.49867139061116034,0.003049710870678625,Dead,1.0076453117378923,1.0074634892516154
sub-06_ses-02_task-AcousStim_acq-LH_desc-raw,SG2D1E6,Dead,0.0002858132580659279,0.0004482736925072969,0.5031000885739593,0.003097465682351983,1.0090603768575646,1.031401721061552,1.0087745635994987,0.19005749835158744,0.0002755509153330544,0.5,0.003033527775143528,Dead,1.0039230633914786,1.0036475124761455
sub-06_ses-02_task-AcousStim_acq-LH_desc-raw,SG2D1E10,Dead,0.00032939155900901064,0.0004848114336061184,0.4977856510186005,0.0038562282911747694,0.9882223955359473,0.9949822485490911,0.9878930039769382,0.10817352289696479,0.00034928600053478324,0.49689991142604073,0.0035166533905882404,Dead,0.9810505604355887,0.9807012744350538
sub-06_ses-02_task-AcousStim_acq-LH_desc-raw,SG2D1E3,Dead,0.0005721540748021877,0.00040539279002089546,0.516829052258636,0.0023273918277979364,0.9975246147560256,0.9728717972677363,0.9969524606812236,-0.4290454508385232,0.0005529465824330484,0.5132860938883969,0.0023987385658869737,Dead,1.0035157861320778,1.0029628395496446
sub-06_ses-02_task-AcousStim_acq-LH_desc-raw,SG2D1E17,Dead,0.00016695003420715904,0.000495231171280327,0.5097431355181576,0.0029718349682962336,0.9962974458829764,0.9703333274289287,0.9961304958487693,0.033668808017087014,0.00016913763948672717,0.5093002657218778,0.003097374715034232,Dead,0.9992924471668226,0.9991233095273359
sub-06_ses-02_task-AcousStim_acq-LH_desc-raw,SG2D1E18,Dead,0.0001553786318811689,0.00042525966250395793,0.5177147918511957,0.0026383857148907764,0.9901552625393126,0.9857828803774423,0.9899998839074314,0.09970146304622882,0.0001570761365873246,0.516386182462356,0.0027664940310756455,Dead,0.9930848064693174,0.99292773033273
sub-06_ses-02_task-AcousStim_acq-LH_desc-raw,SG2D1E14,Dead,0.00019466372334345586,0.0005213412084524319,0.5070859167404783,0.0036876120024642665,1.001852557410051,0.9800890728281562,1.0016578936867075,0.21928384144620153,0.0001993522331088787,0.5062001771479185,0.003598068314607418,Dead,1.0031465582821393,1.0029472060490303
sub-06_ses-02_task-AcousStim_acq-LH_desc-raw,SG2D1E7,Dead,0.0004837451170029046,0.0003601573211522462,0.48317094774136404,0.004164890874423677,1.007760969695693,0.9418217707374406,1.00727722457869,0.34666987827821516,0.0004601490828617362,0.48981399468556247,0.004036304093373192,Dead,1.0045857412811787,1.004125592198317
sub-06_ses-02_task-AcousStim_acq-LH_desc-raw,SG2D1E4,Dead,0.0003644143415332769,0.0004096822368393609,0.4995571302037201,0.003613015728731731,1.0121331818063986,0.9831523161150796,1.0117687674648652,0.4186269799802597,0.0003805371074254255,0.5022143489813995,0.003665143184536549,Dead,1.0135479637944855,1.0131674266870603
sub-06_ses-02_task-AcousStim_acq-LH_desc-raw,SG2D1E11,Dead,0.0003169178488349593,0.00041084718248997614,0.49689991142604073,0.003536614398185309,1.0120414481431113,0.9809996499867594,1.0117245302942761,0.4012231692129384,0.0003310973358079212,0.4977856510186005,0.003575445567988609,Dead,1.0105103516981093,1.0101792543623014
sub-06_ses-02_task-AcousStim_acq-RH_desc-raw,SG2D2E8,Dead,0.001082765207801301,0.003959310924208616,0.49867139061116034,0.14445657700105358,1.0100145493628605,0.982875568525839,1.0089317841550591,0.5072367251649758,0.00047537879478066835,0.5066430469441984,0.16107246013154897,Dead,1.015831102069256,1.0153557232744757
sub-06_ses-02_task-AcousStim_acq-RH_desc-raw,SG2D2E1,Dead,0.003216551259212198,0.004492927233329838,0.49689991142604073,0.13237327486633274,1.003055538600984,0.9845047614748175,0.9998389873417719,0.7751465751386157,0.002688448862145669,0.5070859167404783,0.15802083978691048,Dead,1.0126929833895315,1.0100045345273858
sub-06_ses-02_task-AcousStim_acq-RH_desc-raw,SG2D2E5,Dead,0.00026486309128468825,0.0004316748600621301,0.47741364038972545,0.002960106369796841,0.9913107192567714,1.0153282494981384,0.9910458561654868,0.03627284188214704,0.0002633785214855042,0.48139946855624444,0.0025411378085581394,Dead,0.9900640603453528,0.9898006818238674
sub-06_ses-02_task-AcousStim_acq-RH_desc-raw,SG2D2E12,Dead,0.0002578647022907658,0.0003946626214850249,0.4765279007971656,0.0028444749471108503,0.9912106767271935,1.0153677377462669,0.9909528120249027,0.030467780775285384,0.0002575035165911262,0.4796279893711249,0.0024936839608427235,Dead,0.9899441951134871,0.9896866915968958
sub-06_ses-02_task-AcousStim_acq-RH_desc-raw,SG2D2E15,Dead,0.0002973223334765221,0.00043768354398370575,0.479185119574845,0.0022064104980885286,0.9873978109712412,0.9989411891705757,0.9871004886377648,0.30049234833488764,0.0003005378446713642,0.47741364038972545,0.0024092783258318194,Dead,0.9850360659581879,0.9847355281135166
sub-06_ses-02_task-AcousStim_acq-RH_desc-raw,SG2D2E16,Dead,0.00039883956597842467,0.0006031047018447313,0.4867139061116032,0.0014978177454427618,0.9883904345414559,1.051295923948531,0.9879915949754775,0.23829743881742171,0.0004003275986753691,0.4862710363153233,0.0014441598784269562,Dead,0.9894149912184489,0.9890146636197734
sub-06_ses-02_task-AcousStim_acq-RH_desc-raw,SG2D2E2,Dead,0.0005853386568948246,0.0004733652615952496,0.491585473870682,0.002394466160734816,1.004587402720182,1.0230384765848664,1.0040020640632872,0.3082081355758969,0.0005791641244765509,0.4973427812223206,0.002655175680058427,Dead,1.0140738199968364,1.0134946558723599
sub-06_ses-02_task-AcousStim_acq-RH_desc-raw,SG2D2E9,Dead,0.0003290062863004445,0.000413140921063265,0.49557130203720107,0.0018687394441725869,1.0089831597211425,1.0376216018165918,1.008654153434842,0.1362988279328409,0.0003335805906936422,0.49379982285208146,0.0017608262112105643,Dead,1.0072779453800027,1.006944364789309
sub-06_ses-02_task-AcousStim_acq-RH_desc-raw,SG2D2E6,Dead,0.0003771949836028797,0.0005852512653341539,0.48228520814880427,0.0018699972300104317,0.9848784221947623,1.0356391839845542,0.9845012272111594,0.23518977830250817,0.000375765633169072,0.48228520814880427,0.0018304319170965029,Dead,0.984706889862799,0.9843311242296299
sub-06_ses-02_task-AcousStim_acq-RH_desc-raw,SG2D2E10,Dead,0.00033067557425449324,0.0004590252463773025,0.4871567759078831,0.001987238730605223,1.009911381751856,1.0348473566482292,1.0095807061776012,0.19232128114710287,0.00033156150077270864,0.49069973427812225,0.001850366901594027,Dead,1.0091830636554269,1.008851502154654
sub-06_ses-02_task-AcousStim_acq-RH_desc-raw,SG2D2E13,Dead,0.0003020887949811172,0.00041174390149575284,0.48848538529672275,0.003034406372703564,1.0032313823055894,1.0172649911724916,1.0029292935106082,0.18013373356413667,0.00029639481077302235,0.48892825509300264,0.002515277940763811,Dead,1.0029135169447512,1.0026171221339781
sub-06_ses-02_task-AcousStim_acq-RH_desc-raw,SG2D2E3,Dead,0.0016581442596827348,0.001654440707600434,0.48848538529672275,0.043094660273732,0.9912704804016133,0.9841537408723836,0.9896123361419306,0.9310335101827606,0.00188078575984016,0.49689991142604073,0.0799926753034738,Dead,1.0044495862722718,1.0025688005124316
sub-06_ses-02_task-AcousStim_acq-RH_desc-raw,SG2D2E17,Dead,0.0004415568446626589,0.000554342688175046,0.46147032772364927,0.002009082692063395,0.9963197093346435,1.1071298735411648,0.9958781524899809,0.03775427117428703,0.00041370995127073244,0.4641275465013286,0.0018192464982081842,Dead,0.995993020043693,0.9955793100924222
sub-06_ses-02_task-AcousStim_acq-RH_desc-raw,SG2D2E18,Dead,0.00043879292858458436,0.0005495680526022207,0.4840566873339238,0.0027996473393662527,0.9454742700087403,1.027712762022665,0.9450354770801558,0.19377434991880788,0.00043187467599435354,0.48361381753764393,0.002873284266393444,Dead,0.9468493026906954,0.9464174280147011
sub-06_ses-02_task-AcousStim_acq-RH_desc-raw,SG2D2E7,Dead,0.0004163574372191845,0.0005098552041066301,0.4840566873339238,0.0027102570452560548,0.9406242181834837,1.0229164033452107,0.9402078607462646,0.19964871040807342,0.0004124610237770431,0.48848538529672275,0.0028031402546169516,Dead,0.9419843446495595,0.9415718836257826
sub-06_ses-02_task-AcousStim_acq-RH_desc-raw,SG2D2E4,Dead,0.0005745815453552148,0.000512223431172412,0.4942426926483614,0.0024958951582707495,0.9090433153453348,0.8040066254336232,0.9084687337999796,0.055932919935427296,0.0005490203148025747,0.4951284322409212,0.0024883526610589026,Dead,0.9092393682942378,0.9086903479794353
sub-06_ses-02_task-AcousStim_acq-RH_desc-raw,SG2D2E11,Dead,0.0005728004882347369,0.0006135629819761177,0.48892825509300264,0.0024160366383206276,0.9122348814544191,1.0158630012499918,0.9116620809661844,0.039900637650472304,0.0005477689209692473,0.491585473870682,0.0024231708771668887,Dead,0.9113346314052364,0.9107868624842671
sub-06_ses-02_task-AcousStim_acq-RH_desc-raw,SG2D2E14,Dead,0.00040227784376437834,0.00043625118887055957,0.4871567759078831,0.002547217611566664,1.022756664268162,1.061883104041123,1.0223543864243976,0.2668582392508093,0.0003701670170970484,0.48848538529672275,0.0022791851613910984,Dead,1.0250071502798788,1.0246369832627817
sub-07_ses-01_task-AcousStim_acq-LH_desc-raw,SG2D1E12,Dead,0.011172071643875538,0.0013076622754194212,0.5,0.023661682006674033,1.0433010198928503,0.985087187531907,1.0321289482489748,0.28434048935474304,0.01084182915924635,0.5135746606334841,0.02511316650784859,Dead,1.0422065603695259,1.0313647312102796
sub-07_ses-01_task-AcousStim_acq-LH_desc-raw,SG2D1E8,Dead,0.0011280438405581014,0.001209176724951635,0.498868778280543,0.00634017000754664,0.9989617652427674,1.018320563962206,0.9978337214022093,0.14086556744792322,0.001031155098107693,0.502262443438914,0.006755922073540139,Dead,0.9946297536085722,0.9935985985104645
sub-07_ses-01_task-AcousStim_acq-LH_desc-raw,SG2D1E1,Dead,0.004187173872013386,0.0014482779244746901,0.4841628959276018,0.0336853566659562,0.9720024553691828,0.9957793855612901,0.9678152814971694,0.872287032086749,0.0027960209503803276,0.4807692307692308,0.06513596467577926,Dead,0.9651988592743684,0.9624028383239881
sub-07_ses-01_task-AcousStim_acq-LH_desc-raw,SG2D1E5,Dead,0.014146836119560217,0.001026677599157526,0.4468325791855204,0.07586223745011164,0.8779751958054278,0.9288231199772181,0.8638283596858676,0.7692248833286269,0.014177190847142182,0.4457013574660634,0.08109380484108411,Dead,0.8944985039152903,0.8803213130681481
sub-07_ses-01_task-AcousStim_acq-LH_desc-raw,SG2D1E15,Dead,0.012047779171966227,0.002725685947647152,0.5124434389140271,0.13094529154305087,1.0910329491989537,0.9733023101935085,1.0789851700269875,0.6330885916739075,0.011241707746035171,0.5192307692307693,0.13522665519332397,Dead,1.087245214227174,1.0760035064811388
sub-07_ses-01_task-AcousStim_acq-LH_desc-raw,SG2D1E16,Dead,0.018250994037407386,0.003593998911413284,0.5712669683257918,0.15926602737285567,1.0943602247957702,1.0219701274074555,1.0761092307583628,0.5065169211792175,0.017398536970732438,0.5667420814479638,0.16308216575846465,Dead,1.0822761768206006,1.0648776398498683
sub-07_ses-01_task-AcousStim_acq-LH_desc-raw,SG2D1E2,Dead,0.009618988134781622,0.002480645684300546,0.5067873303167421,0.08976328848317378,0.9901769826865822,1.0072251116385686,0.9805579945518006,0.9521369271296097,0.005955519453536682,0.49660633484162897,0.11948084277331791,Dead,0.988213575295034,0.9822580558414973
sub-07_ses-01_task-AcousStim_acq-LH_desc-raw,SG2D1E13,Dead,0.01784430488755877,0.001803368795997135,0.5339366515837104,0.14768130779195593,1.1219470717557094,1.116939151922085,1.1041027668681505,0.606495465594804,0.018073617211683306,0.5554298642533937,0.14808987339003069,Dead,1.135704009641882,1.1176303924301987
sub-07_ses-01_task-AcousStim_acq-LH_desc-raw,SG2D1E9,Dead,0.019982204631850842,0.0014252798759456806,0.501131221719457,0.12225566331639434,1.0615665280722817,1.0303306228976357,1.0415843234404307,0.5276152774550156,0.019519185654338043,0.5203619909502263,0.12639170474226388,Dead,1.05536288957955,1.035843703925212
sub-07_ses-01_task-AcousStim_acq-LH_desc-raw,SG2D1E6,Dead,0.032030775399987915,0.0012357900931797344,0.43552036199095023,0.1880124641954883,0.8529807999759265,0.8732345543672437,0.8209500245759385,0.6081067861578245,0.0318803170323463,0.4253393665158371,0.1923541100108325,Dead,0.867190258664474,0.8353099416321277
sub-07_ses-01_task-AcousStim_acq-LH_desc-raw,SG2D1E10,Dead,0.02274573360735512,0.001206684927023528,0.5328054298642534,0.1372316962678723,1.072945823470033,1.0344418002576659,1.050200089862678,0.5515192365494053,0.02240586215413725,0.5384615384615384,0.1404274915481125,Dead,1.0657537426301775,1.0433478804760403
sub-07_ses-01_task-AcousStim_acq-LH_desc-raw,SG2D1E3,Dead,0.026246695174668485,0.002748458411518881,0.49660633484162897,0.09938490603122901,0.9581685197352671,1.0128756647725314,0.9319218245605987,0.9550524842091515,0.02197983817069053,0.47850678733031676,0.12470569865684838,Dead,0.9763474006054744,0.9543675624347839
sub-07_ses-01_task-AcousStim_acq-LH_desc-raw,SG2D1E17,Dead,0.02923813042116609,0.0019414694054451175,0.6278280542986425,0.17689139249758667,1.115177187538085,1.0328811781295182,1.0859390571169187,0.564240885124221,0.028520152810990334,0.6289592760180995,0.18142680112947063,Dead,1.1021666834981496,1.0736465306871592
sub-07_ses-01_task-AcousStim_acq-LH_desc-raw,SG2D1E18,Dead,0.007893155648311868,0.004097424687474297,0.5090497737556561,0.14183261350038073,1.0063251451484547,0.9541126263114643,0.9984319895001428,0.9761083407822997,0.00282780317077177,0.497737556561086,0.15826841456257093,Dead,1.0126107285206911,1.0097829253499195
sub-07_ses-01_task-AcousStim_acq-LH_desc-raw,SG2D1E14,Dead,0.03781438640650083,0.0015608430556699013,0.6131221719457014,0.1396102404802421,1.0941357554597484,1.1023675637651524,1.0563213690532476,0.6021316542630452,0.0367836240218147,0.6142533936651584,0.13996640069976263,Dead,1.0704091548444647,1.0336255308226499
sub-07_ses-01_task-AcousStim_acq-LH_desc-raw,SG2D1E7,Dead,0.13848107001638887,0.0016829456238949534,0.505656108597285,0.36654241825147676,0.8664742170722002,0.9949217527540035,0.7279931470558113,0.18819745808019278,0.16640440103078286,0.5780542986425339,0.4044919945377944,Dead,1.0130461610815056,0.8466417600507228
sub-07_ses-01_task-AcousStim_acq-LH_desc-raw,SG2D1E4,Dead,0.03774658125482796,0.0018192285724306725,0.47398190045248867,0.10281437097884225,0.9827259803816644,1.0123675758207997,0.9449793991268365,0.932679068019838,0.03372830067861017,0.4830316742081448,0.12463957522652984,Dead,1.0114632216040558,0.9777349209254457
sub-07_ses-01_task-AcousStim_acq-LH_desc-raw,SG2D1E11,Dead,0.01958753129824065,0.0016171396184488632,0.5622171945701357,0.09842920945541833,1.1003551572577768,1.0341224289060758,1.0807676259595362,0.19803038939653753,0.019387005852236266,0.5588235294117647,0.09700801119793195,Dead,1.0744772545721986,1.0550902487199623
sub-07_ses-01_task-AcousStim_acq-RH_desc-raw,SG2D2E8,Dead,0.0013446807750995438,0.004740306343715001,0.45416666666666666,0.016585790522450898,0.23166521555089814,0.9386782955027321,0.2303205347757986,-0.35206387674340434,0.001287060682845832,0.45416666666666666,0.023062754966754584,Dead,0.21800387984497516,0.21671681916212934
sub-07_ses-01_task-AcousStim_acq-RH_desc-raw,SG2D2E5,Dead,0.0108793524484907,0.003415353181052507,0.4875,0.04541251594705209,0.9112090653342159,0.9959268696436835,0.9003297128857252,0.6970400264025503,0.01606697124144398,0.48541666666666666,0.04814718581236267,Dead,0.8949769149153991,0.8789099436739551
sub-07_ses-01_task-AcousStim_acq-RH_desc-raw,SG2D2E1,Dead,0.011292650534434423,0.0034549561132592114,0.49583333333333335,0.04650371911414076,0.9144205387911454,0.9957679860168579,0.903127888256711,0.6837034216408745,0.016213223188734093,0.475,0.04804852567893989,Dead,0.8995505952542273,0.8833373720654933
sub-07_ses-01_task-AcousStim_acq-RH_desc-raw,SG2D2E15,Dead,0.01138179849517615,0.0034157079245287648,0.4791666666666667,0.04736135137005449,0.9143503793132278,0.9958197029080219,0.9029685808180518,0.7157374972119392,0.01675606590801032,0.4708333333333333,0.050077150064488714,Dead,0.8985452390326403,0.8817891731246299
sub-07_ses-01_task-AcousStim_acq-RH_desc-raw,SG2D2E12,Dead,0.010983236864222059,0.003440579215536917,0.48541666666666666,0.045940344471412695,0.9146881141487819,0.9957768573697237,0.90370487728456,0.6770240815990216,0.01591137712032848,0.475,0.047894201882020315,Dead,0.8998804140367025,0.883969036916374
sub-07_ses-01_task-AcousStim_acq-RH_desc-raw,SG2D2E2,Dead,0.010851344495495777,0.003450767820414588,0.48541666666666666,0.04658411037010736,0.9143843140813535,0.9958021942492298,0.9035329695858577,0.6847920782421113,0.01578035240637635,0.46875,0.04890785963183132,Dead,0.8996522870503719,0.8838719346439955
sub-07_ses-01_task-AcousStim_acq-RH_desc-raw,SG2D2E16,Dead,0.010759893074331088,0.003435333341565221,0.48125,0.044373543380740635,0.8982221494454783,0.9959287975147953,0.8874622563711473,0.7284994401730503,0.01653229586334295,0.4895833333333333,0.049046431233161464,Dead,0.8785748032306394,0.8620425073672965
sub-07_ses-01_task-AcousStim_acq-RH_desc-raw,SG2D2E6,Dead,0.01127213215741279,0.0034170170814817437,0.48333333333333334,0.04748425882650213,0.9133657170251969,0.9958645714621265,0.9020935848677841,0.706197688621996,0.01653467528178921,0.47708333333333336,0.05014721194122102,Dead,0.8978364830688963,0.8813018077871071
sub-07_ses-01_task-AcousStim_acq-RH_desc-raw,SG2D2E9,Dead,0.01202933517329906,0.003448008092841015,0.5,0.04788596545042769,0.9163054878603336,0.9959036382594035,0.9042761526870345,0.6969654994235888,0.017246788913973698,0.4791666666666667,0.04958215380762097,Dead,0.9019886082228503,0.8847418193088766
sub-07_ses-01_task-AcousStim_acq-RH_desc-raw,SG2D2E13,Dead,0.010725307063846792,0.0034172697986722474,0.48125,0.04560031065091906,0.9078637960075656,0.9959561401873414,0.8971384889437188,0.7171535684166902,0.016177184752477022,0.47291666666666665,0.04945013389131715,Dead,0.890490861154522,0.8743136764020449
sub-07_ses-01_task-AcousStim_acq-RH_desc-raw,SG2D2E10,Dead,0.010682212077381372,0.0034038801126322032,0.48541666666666666,0.04547185925059773,0.9139486207559703,0.9959111516771038,0.9032664086785889,0.6904252938673484,0.015859495683738203,0.47291666666666665,0.0481932788083633,Dead,0.8976568683041398,0.8817973726204016
sub-07_ses-01_task-AcousStim_acq-RH_desc-raw,SG2D2E17,Dead,0.010688215196056445,0.0034286297011360497,0.48125,0.04423293853466785,0.8989941037088853,0.9959588931612559,0.888305888512829,0.7265343326894796,0.01640790693415697,0.4875,0.04887614675126842,Dead,0.8794546864777574,0.8630467795436004
sub-07_ses-01_task-AcousStim_acq-RH_desc-raw,SG2D2E3,Dead,0.010827422983195632,0.0034564914825453807,0.48541666666666666,0.04655608732516453,0.9146177277035793,0.9957907285603393,0.9037903047203836,0.6824509203411796,0.01571714750366084,0.4666666666666667,0.04880886460556209,Dead,0.9000608199770042,0.8843436724733433
sub-07_ses-01_task-AcousStim_acq-RH_desc-raw,SG2D2E7,Dead,0.01060232428936228,0.0034125087111304803,0.4895833333333333,0.04476715615954204,0.9081093609157619,0.9960057850407054,0.8975070366263995,0.7143460025772005,0.016030236328773446,0.47291666666666665,0.04858358927022311,Dead,0.89055643414916,0.8745261978203865
sub-07_ses-01_task-AcousStim_acq-RH_desc-raw,SG2D2E18,Dead,0.010784979119782883,0.003437018661005625,0.47708333333333336,0.04494640114398904,0.9012715164277,0.9957236398975753,0.890486537307917,0.7242216675722809,0.01650781849254783,0.47708333333333336,0.049577710388404944,Dead,0.8817202742259806,0.8652124557334328
sub-07_ses-01_task-AcousStim_acq-RH_desc-raw,SG2D2E11,Dead,0.010697480734719563,0.0034386585954946304,0.48125,0.04423225137122913,0.8972875920523449,0.9959392499025995,0.8865901113176253,0.7282449633860458,0.016468675790794415,0.4895833333333333,0.048985758320186826,Dead,0.8774741258884613,0.8610054500976668
sub-07_ses-01_task-AcousStim_acq-RH_desc-raw,SG2D2E4,Dead,0.010652605018823928,0.003424146543035037,0.48125,0.04520117067103007,0.906904256007277,0.9959806924285705,0.896251650988453,0.7188333087785846,0.01617322762905797,0.475,0.04922286435980853,Dead,0.8890100678810772,0.8728368402520192
sub-07_ses-01_task-AcousStim_acq-RH_desc-raw,SG2D2E14,Dead,0.0075720519860206295,0.003399713809338299,0.4270833333333333,0.031858324404000916,0.9509364833176657,0.9948516103325723,0.943364431331645,0.49469335509522094,0.010189239063954102,0.4354166666666667,0.03281298495377318,Dead,0.922302506573312,0.9121132675093578
sub-07_ses-02_task-AcousStim_acq-LH_desc-raw,SG2D1E12,Dead,0.010151453817055652,0.0011741228391472537,0.5421686746987951,0.009057696839291928,1.2100779173574907,1.0015606752138153,1.1999264635404352,0.24410058414592997,0.010822072685989267,0.5481927710843374,0.010506473774543614,Dead,1.216309526556535,1.2054874538705456
sub-07_ses-02_task-AcousStim_acq-LH_desc-raw,SG2D1E1,Dead,0.00714506273966849,0.001296373482587934,0.5373493975903615,0.016585120129893795,0.8859091117595694,0.975911317194453,0.8787640490199009,0.35476727842868233,0.007234309854197082,0.5313253012048192,0.017550190111788287,Dead,0.8765627506027631,0.8693284407485661
sub-07_ses-02_task-AcousStim_acq-LH_desc-raw,SG2D1E8,Dead,0.09267617997846848,0.001224584404368508,0.472289156626506,0.07043377774700947,0.9749145407160501,0.8819581021528929,0.8822383607375817,-0.08848083773783166,0.0943036019464526,0.4650602409638554,0.07373543581193764,Dead,0.9784999233837718,0.8841963214373192
sub-07_ses-02_task-AcousStim_acq-LH_desc-raw,SG2D1E15,Dead,0.11347021008029344,0.0011491437925602774,0.3795180722891566,0.11063296529668104,0.796765892613702,0.815661737621562,0.6832956825334086,-0.11078693434912766,0.11512228992610553,0.38674698795180723,0.11203149788787192,Dead,0.8006146869001914,0.6854923969740858
sub-07_ses-02_task-AcousStim_acq-LH_desc-raw,SG2D1E5,Dead,0.07142567676091346,0.001748635034872787,0.516867469879518,0.21276207010966924,0.8286944118459394,0.9221498991173896,0.757268735085026,-0.049103010816849424,0.07369795463697759,0.5204819277108433,0.20979181343463685,Dead,0.8402987620681085,0.766600807431131
sub-07_ses-02_task-AcousStim_acq-LH_desc-raw,SG2D1E2,Dead,0.014893329803593218,0.0015287544060688008,0.5180722891566265,0.028750656990745894,0.9879360901419892,1.0479516162610014,0.973042760338396,-0.5534104797110245,0.015267668284523667,0.5204819277108433,0.029690195365711915,Dead,0.983889653009958,0.9686219847254344
sub-07_ses-02_task-AcousStim_acq-LH_desc-raw,SG2D1E16,Dead,0.13346374404329195,0.001322880769631051,0.3819277108433735,0.11171099473217115,0.7797094774757651,0.7774171255732146,0.6462457334324732,-0.21049940768290698,0.13475751091131608,0.38072289156626504,0.11309990683113429,Dead,0.7818366497467422,0.647079138835426
sub-07_ses-02_task-AcousStim_acq-LH_desc-raw,SG2D1E9,Dead,0.154678897646131,0.0007195258151765177,0.45180722891566266,0.12402116372988065,0.9063467201562839,0.9063892692303557,0.751667822510153,-0.2992065788037869,0.15537962312221956,0.44096385542168676,0.1319803330205019,Dead,0.9030462585231833,0.7476666354009637
sub-07_ses-02_task-AcousStim_acq-LH_desc-raw,SG2D1E13,Dead,0.12590117216346802,0.00129937734182726,0.3542168674698795,0.08968493822335885,0.7631221930250439,0.6244285909718673,0.6372210208615758,-0.12109822865555919,0.1275146185270698,0.3578313253012048,0.09186221984940832,Dead,0.7677232279987243,0.6402086094716546
sub-07_ses-02_task-AcousStim_acq-LH_desc-raw,SG2D1E10,Dead,0.17480264358013334,0.001999336691866161,0.44216867469879517,0.11530734661918442,0.8770255655469676,0.9563298593281601,0.7022229219668343,-0.24660882799842573,0.17651508403690075,0.43373493975903615,0.11876321323322905,Dead,0.8776697930418741,0.7011547090049735
sub-07_ses-02_task-AcousStim_acq-LH_desc-raw,SG2D1E6,Dead,0.06896431295241397,0.0022848528531073517,0.5819277108433735,0.47073406518196126,0.8132554997843557,1.1097650175468272,0.7442911868319417,-0.4129343344255335,0.06984474524480422,0.5686746987951807,0.43318261595709423,Dead,0.8137142800104984,0.7438695347656942
sub-07_ses-02_task-AcousStim_acq-LH_desc-raw,SG2D1E17,Dead,0.14812470981999526,0.0021880614285426985,0.372289156626506,0.13509085617360153,0.7419280513021999,0.8289147164310963,0.5938033414822046,-0.3787166907057992,0.14996514296568164,0.3710843373493976,0.13739405676458116,Dead,0.7420020502365873,0.5920369072709055
sub-07_ses-02_task-AcousStim_acq-LH_desc-raw,SG2D1E3,Dead,0.02658629004220645,0.0010994008290638665,0.5024096385542168,0.02667608628115392,0.9268886284931297,0.9787473429760406,0.9003023384509233,-0.30181192756387587,0.02726789881970494,0.4975903614457831,0.02587579421596517,Dead,0.9202162896357283,0.8929483908160234
sub-07_ses-02_task-AcousStim_acq-LH_desc-raw,SG2D1E14,Dead,0.14445404591964975,0.001126415421769094,0.3433734939759036,0.16812366524339636,0.7279317386279648,0.7220595208824733,0.5834776927083151,-0.5050555763567436,0.14649848010851932,0.344578313253012,0.17231232826109186,Dead,0.7246457913145152,0.5781473112059959
sub-07_ses-02_task-AcousStim_acq-LH_desc-raw,SG2D1E18,Dead,0.15144973356394914,0.001684453762674721,0.3614457831325301,0.15138512941009907,0.7437894812793882,0.8128563687729482,0.5923397477154391,-0.38503682478979,0.15371438837768278,0.3542168674698795,0.15185220812794778,Dead,0.7345911391715155,0.5808767507938328
sub-07_ses-02_task-AcousStim_acq-LH_desc-raw,SG2D1E4,Dead,0.030416944433463444,0.0016374290606145712,0.4602409638554217,0.06655459575362724,0.9475180889367582,0.8577453552867557,0.9171011445032947,-0.21217761243348435,0.031042189261631457,0.46626506024096387,0.07015019310907,Dead,0.9583343270766712,0.9272921378150396
sub-07_ses-02_task-AcousStim_acq-LH_desc-raw,SG2D1E7,Dead,0.07256297823178003,0.003877488508310779,0.4602409638554217,0.30526103373653396,0.7729448080133949,0.9185422847603663,0.7003818297816149,-0.6779983967195427,0.06929757636696722,0.4469879518072289,0.28015560450999927,Dead,0.7372135067137959,0.6679159303468287
sub-07_ses-02_task-AcousStim_acq-LH_desc-raw,SG2D1E11,Dead,0.15557784536374694,0.0013441842939983315,0.41807228915662653,0.13338556140349317,0.8264319293150248,0.9466009879897965,0.6708540839512779,-0.3673665780301587,0.15741557292968336,0.4036144578313253,0.13916627816803476,Dead,0.8218594898794414,0.664443916949758
sub-07_ses-02_task-AcousStim_acq-RH_desc-raw,SG2D2E8,Dead,0.06758885864910145,0.004963333952561083,0.4993726474278545,0.20195696105165814,0.995214333555735,0.6783002197277345,0.9276254749066335,0.6507299614857108,0.07331364453228553,0.5056461731493099,0.20899190557383263,Dead,0.9940262466938531,0.9207126021615676
sub-07_ses-02_task-AcousStim_acq-RH_desc-raw,SG2D2E5,Dead,0.05073973528204943,0.00592831124220572,0.45420326223337515,0.15940239176367968,0.9787582492223426,0.6481405273011371,0.9280185139402931,0.7758456133809172,0.052043844130197046,0.4504391468005019,0.10733227670952111,Dead,0.9696049076284036,0.9175610634982065
sub-07_ses-02_task-AcousStim_acq-RH_desc-raw,SG2D2E1,Dead,0.04495264528794569,0.002211879351829737,0.479297365119197,0.06114803555152411,0.9503671859679235,0.6586374998508023,0.9054145406799778,0.3853244548875541,0.04576046667910927,0.46675031367628605,0.06631047948728651,Dead,0.9447168423405933,0.8989563756614841
sub-07_ses-02_task-AcousStim_acq-RH_desc-raw,SG2D2E15,Dead,0.02782751044949599,0.024765071110723624,0.4868255959849435,0.3399314435042818,1.0065040545514268,0.9920724874634171,0.9786765441019307,0.9587778440958429,0.04119037620435784,0.4767879548306148,0.34102797778494437,Dead,1.0086130674638165,0.9674226912594587
sub-07_ses-02_task-AcousStim_acq-RH_desc-raw,SG2D2E12,Dead,0.10856532384986425,0.008047902792767844,0.4077791718946048,0.06979822708029357,0.8865066863113393,0.712014053356969,0.7779413624614752,0.42635890003335986,0.10763827117469418,0.4215809284818068,0.046063815502377335,Dead,0.8911929021279638,0.7835546309532696
sub-07_ses-02_task-AcousStim_acq-RH_desc-raw,SG2D2E2,Dead,0.02856359608928858,0.023814376033547163,0.4730238393977415,0.33423829735702104,1.008126205016044,0.9851195797844156,0.9795626089267554,0.9098436588789612,0.04202977825287203,0.4893350062735257,0.33917630436899077,Dead,1.0112300377483772,0.969200259495505
sub-07_ses-02_task-AcousStim_acq-RH_desc-raw,SG2D2E16,Dead,0.04662477475996232,0.0037165921606002648,0.40526976160602257,0.1268039365714129,0.8924747491428311,0.5632889180516919,0.8458499743828688,0.5948418469287814,0.04959997520787946,0.40526976160602257,0.15972705473401247,Dead,0.8907512280771521,0.8411512528692727
sub-07_ses-02_task-AcousStim_acq-RH_desc-raw,SG2D2E6,Dead,0.07047977672387329,0.007586345438154054,0.3877038895859473,0.05691755995149291,0.8634362492354951,0.7704861083980181,0.7929564725116217,0.08089259846755473,0.07019025269415903,0.3739021329987453,0.0605543907291029,Dead,0.858895014643702,0.788704761949543
sub-07_ses-02_task-AcousStim_acq-RH_desc-raw,SG2D2E9,Dead,0.03531979025164951,0.0016903106689767817,0.45294855708908405,0.0425689517857124,0.9073134636074394,1.0004987250455932,0.8719936733557898,0.3290120997258601,0.03725186717308763,0.451693851944793,0.04441612888095299,Dead,0.8920974117687472,0.8548455445956595
sub-07_ses-02_task-AcousStim_acq-RH_desc-raw,SG2D2E13,Dead,0.08388715289873683,0.006527701356145257,0.39648682559598497,0.03975947017214788,0.8685228058971932,0.6954924054140801,0.7846356529984564,0.007630020959015561,0.08386712045005977,0.39146800501882056,0.03953200749935718,Dead,0.8653569583211368,0.7814898378710771
sub-07_ses-02_task-AcousStim_acq-RH_desc-raw,SG2D2E10,Dead,0.05748526587359374,0.003335358839777764,0.39146800501882056,0.0860986751527357,0.864718366374953,0.9164329379714848,0.8072331005013592,0.38445681517278385,0.05818116508369451,0.38017565872020076,0.08122533443294262,Dead,0.8609357627043612,0.8027545976206668
sub-07_ses-02_task-AcousStim_acq-RH_desc-raw,SG2D2E17,Dead,0.03482915508530688,0.023686586485944447,0.48180677540777916,0.32160492970830207,1.00941497727054,0.9918395135756569,0.9745858221852332,0.9133647687479509,0.05033274646067767,0.48306148055207027,0.32040989420440685,Dead,1.012969516344501,0.9626367698838233
sub-07_ses-02_task-AcousStim_acq-RH_desc-raw,SG2D2E3,Dead,0.04795228191792523,0.02458595321998014,0.47176913425345046,0.3196410937995683,1.0098590337446065,0.9695527541397864,0.9619067518266812,0.8353550815625451,0.0629369694585727,0.4592220828105395,0.3188023869835589,Dead,1.0147272238567864,0.9517902543982136
sub-07_ses-02_task-AcousStim_acq-RH_desc-raw,SG2D2E7,Dead,0.024482213069252683,0.016483250394230528,0.5144291091593476,0.3157968958007016,1.003090438069669,0.9927709323328183,0.9786082250004162,0.9683701688648265,0.040341770577588344,0.5119196988707654,0.3214546851302971,Dead,1.005061462179169,0.9647196916015806
sub-07_ses-02_task-AcousStim_acq-RH_desc-raw,SG2D2E18,Dead,0.024397222563714765,0.017967346859647175,0.5006273525721455,0.31410683393934224,1.0023341301938904,0.9889369941229487,0.9779369076301756,0.9541647008402556,0.04043299754633443,0.506900878293601,0.3229200816507605,Dead,1.0052563369332326,0.964823339386898
sub-07_ses-02_task-AcousStim_acq-RH_desc-raw,SG2D2E11,Dead,0.01841021277477286,0.011660859729869175,0.5006273525721455,0.3012356165680436,0.9980451330236346,0.9944986749747009,0.9796349202488617,0.9893342713864729,0.03401510399331887,0.5031367628607277,0.3121948819228721,Dead,0.9984868624539245,0.9644717584606055
sub-07_ses-02_task-AcousStim_acq-RH_desc-raw,SG2D2E4,Dead,0.020873984514200444,0.01324270203126526,0.5056461731493099,0.30867174193803415,0.9990065933869512,0.9907611178542867,0.9781326088727508,0.9806970191065694,0.03693428439758047,0.4993726474278545,0.3209623605176438,Dead,1.0020278054447718,0.9650935210471914
sub-07_ses-02_task-AcousStim_acq-RH_desc-raw,SG2D2E14,Dead,0.024528164179633306,0.009539967453267939,0.06273525721455459,0.10980759051017863,0.7400434034779404,0.8834223536833917,0.7155152392983072,0.9999999999898204,0.027039267274485426,0.056461731493099125,0.10125841456609114,Dead,0.7299182025408262,0.7028789352663407
sub-07_ses-03_task-AcousStim_acq-LH_desc-raw,SG2D1E12,Dead,0.12046001719355973,0.0017940270786475693,0.5474254742547425,0.16602879422519604,1.0592593864216007,1.0259141474249136,0.9387993692280411,0.07479978573685402,0.12112469682754205,0.5501355013550135,0.19136313542487823,Dead,0.9854294103629203,0.8643047135353783
sub-07_ses-03_task-AcousStim_acq-LH_desc-raw,SG2D1E1,Dead,0.04372930592201574,0.003706608351368745,0.535230352303523,0.18440278567338614,0.9954215672811638,1.009084868398237,0.9516922613591481,-0.5333899685924327,0.03372053774140435,0.47831978319783197,0.232450977148196,Dead,0.8005552249162522,0.7668346871748478
sub-07_ses-03_task-AcousStim_acq-LH_desc-raw,SG2D1E8,Dead,0.06181893647046649,0.0038699805245655796,0.5298102981029811,0.2361807725492528,0.9234833634267179,1.0089649936884542,0.8616644269562515,-0.46311155660620795,0.046366773247845404,0.4823848238482385,0.2826429760923148,Dead,0.7115488646686549,0.6651820914208094
sub-07_ses-03_task-AcousStim_acq-LH_desc-raw,SG2D1E15,Active,0.6623864322961409,0.004242982676453959,0.7994579945799458,0.48102259018248417,1.6996467718568748,1.0090468647319624,1.037260339560734,0.021910294984173982,0.6418417217939472,0.7520325203252033,0.6439990049621412,Active,1.6365644722167392,0.994722750422792
sub-07_ses-03_task-AcousStim_acq-LH_desc-raw,SG2D1E5,Dead,0.04244406935665293,0.007910526176797618,0.46612466124661245,0.16547558905401663,0.7895029344760672,1.0067005123849528,0.7470588651194143,0.1795797905958653,0.03679519883475034,0.4281842818428184,0.1294484996918687,Dead,0.667664591863716,0.6308693930289656
sub-07_ses-03_task-AcousStim_acq-LH_desc-raw,SG2D1E2,Dead,0.0165655085711341,0.0034645771788279585,0.5257452574525745,0.28552746777689725,1.015689809559789,1.0029701636427033,0.9991243009886549,0.5917911405495021,0.019229619840547683,0.48644986449864497,0.3037468316921094,Dead,0.9330812221064538,0.9138516022659061
sub-07_ses-03_task-AcousStim_acq-LH_desc-raw,SG2D1E16,Active,1.1059374732099791,0.0058521943269907745,0.8455284552845529,1.010549606649118,2.472506503729151,1.023386506365152,1.3665690305191716,0.11781667741028441,1.0217466779523807,0.8130081300813008,1.300081419369505,Active,2.2906729250836557,1.268926247131275
sub-07_ses-03_task-AcousStim_acq-LH_desc-raw,SG2D1E9,Dead,0.041240559463952206,0.015690529308008575,0.4959349593495935,0.46638714598935443,0.6403695397012719,1.0443954422607948,0.5991289802373196,0.03385257964994047,0.028467665885274315,0.44037940379403795,0.40836888736522686,Dead,0.4637441394598183,0.435276473574544
sub-07_ses-03_task-AcousStim_acq-LH_desc-raw,SG2D1E13,Active,1.03805072570378,0.004624609799492123,0.8224932249322493,0.9520488383894037,2.2680624857139136,1.040774823285335,1.2300117600101335,0.07068892342947136,0.9331337517079481,0.7845528455284553,1.2443023492691276,Active,2.0398054426816805,1.1066716909737324
sub-07_ses-03_task-AcousStim_acq-LH_desc-raw,SG2D1E10,Dead,0.06922234329661318,0.02243274913693612,0.5271002710027101,0.6149838490129528,0.6490836698512022,1.05118788480267,0.5798613265545891,-0.5470635655416022,0.04876517680696631,0.48644986449864497,0.4484829257104203,Dead,0.47486339022264495,0.42609821341567866
sub-07_ses-03_task-AcousStim_acq-LH_desc-raw,SG2D1E6,Dead,0.17018384233949163,0.03158128003559657,0.34823848238482386,0.11997174656411573,0.5666604341857451,0.8319720414524184,0.3964765918462535,0.45407141454426164,0.153962339179739,0.34823848238482386,0.13839335711616416,Dead,0.5117522469633442,0.3577899077836052
sub-07_ses-03_task-AcousStim_acq-LH_desc-raw,SG2D1E17,Active,1.240064523214875,0.009350737635002349,0.8658536585365854,1.4375884175240734,2.7918048596439076,1.0467527120522395,1.5517403364290328,-0.0432292910487486,1.0429158979126925,0.7940379403794038,1.4846110025674455,Active,2.358426771561964,1.3155108736492716
sub-07_ses-03_task-AcousStim_acq-LH_desc-raw,SG2D1E3,Dead,0.1636490645500452,0.003839317866450026,0.453929539295393,0.2825256326261563,0.8646352026385615,0.9424948084966861,0.7009861380885164,0.6697715292854327,0.16307942809969195,0.4349593495934959,0.2853653798033781,Dead,0.8377922837412385,0.6747128556415465
sub-07_ses-03_task-AcousStim_acq-LH_desc-raw,SG2D1E14,Dead,0.3109864592970633,0.004275172853010914,0.7222222222222222,1.3486705675813218,1.3917324643177398,0.78085207529561,1.0807460050206765,-0.023905420705663868,0.22930143830572391,0.6476964769647696,1.3389426692530706,Dead,1.0357130838067976,0.8064116455010736
sub-07_ses-03_task-AcousStim_acq-LH_desc-raw,SG2D1E18,Active,0.7784208321902952,0.008328896843716037,0.8319783197831978,1.652974124845075,1.9090511430355244,0.610314959351199,1.1306303108452291,0.22491375301359912,0.693812788235053,0.7804878048780488,1.6945365751785333,Active,1.7020891830446747,1.0082763948096218
sub-07_ses-03_task-AcousStim_acq-LH_desc-raw,SG2D1E4,Dead,0.2521119423999232,0.0034273150540755737,0.481029810298103,0.3319914218434961,0.8987298685124606,0.9456923454559304,0.6466179261125373,0.5857800467790368,0.2749141284387888,0.5677506775067751,0.3792709618750475,Dead,0.9605136830134186,0.6855995545746297
sub-07_ses-03_task-AcousStim_acq-LH_desc-raw,SG2D1E7,Active,0.5348754649003913,0.008281384306502862,0.37669376693766937,0.20435558533715353,0.8220767589555183,0.8862324472232469,0.2872012940551272,0.10946223536603358,0.5330473590755432,0.4444444444444444,0.2247210791619545,Active,0.8134081743728914,0.2803608152973482
sub-07_ses-03_task-AcousStim_acq-LH_desc-raw,SG2D1E11,Dead,0.20343146743279947,0.003054101619492507,0.46747967479674796,0.30156397702817656,0.7385948976874205,0.7891023662618838,0.535163430254621,0.7449031508074,0.2218278229693336,0.524390243902439,0.3291917802258678,Dead,0.7937758100387238,0.5719479870693902
sub-07_ses-03_task-AcousStim_acq-RH_desc-raw,SG2D2E14,Dead,0.03844847585621942,0.04790452162668199,0.3882978723404255,0.33691165764873,0.8581758457645595,1.0583281061203713,0.81972736990834,-0.5531300988502851,0.0202995961131399,0.4375,0.4015370263802864,Dead,0.8840969507914824,0.8637973546783425
sub-07_ses-03_task-AcousStim_acq-RH_desc-raw,SG2D2E4,Dead,0.04078211756615856,0.01274584109842464,0.5398936170212766,0.29240881126769125,1.0134910919632532,1.0118621808309511,0.9727089743970947,-0.8718433608335029,0.0673247130751945,0.5438829787234043,0.30622310905641925,Dead,1.0269801690475782,0.9596554559723838
sub-07_ses-03_task-AcousStim_acq-RH_desc-raw,SG2D2E11,Dead,0.009077322339521413,0.009844419760478059,0.49867021276595747,0.3178589819501625,1.0069042302535776,0.9936887047219898,0.9978269079140563,-0.9389993414850253,0.029780793724421262,0.5212765957446809,0.2875801962870318,Dead,1.0293116659867627,0.9995308722623415
sub-07_ses-03_task-AcousStim_acq-RH_desc-raw,SG2D2E18,Dead,0.012267666763753945,0.009057385151726771,0.5039893617021277,0.3052056151233892,0.9944379041475374,0.9973554629581671,0.9821702373837835,-0.8672877916479522,0.03376728668661934,0.5319148936170213,0.27932239998808145,Dead,1.0132007161500787,0.9794334294634592
sub-07_ses-03_task-AcousStim_acq-RH_desc-raw,SG2D2E7,Dead,0.09626169065991946,0.027694584501425857,0.4640957446808511,0.28617252633721374,0.9480377779161474,1.1436155851310297,0.851776087256228,-0.4522931504523406,0.11902953064101032,0.45611702127659576,0.2798444810145431,Dead,0.9525278078965507,0.8334982772555404
sub-07_ses-03_task-AcousStim_acq-RH_desc-raw,SG2D2E3,Dead,0.043631993575687394,0.012399758772984389,0.5425531914893617,0.2884636330010456,1.0176812145240126,1.0159191581695968,0.9740492209483252,-0.8514350394527721,0.06914694623510896,0.5412234042553191,0.2981936156229492,Dead,1.0240246661551018,0.9548777199199928
sub-07_ses-03_task-AcousStim_acq-RH_desc-raw,SG2D2E17,Dead,0.00516199245869695,0.013218585805426005,0.5132978723404256,0.284257073936402,0.9942251880131125,0.9976252973538199,0.9890631955544155,-0.7349254333768581,0.022320980298990937,0.5412234042553191,0.2487402970605576,Dead,1.0073576510928768,0.9850366707938858
sub-07_ses-03_task-AcousStim_acq-RH_desc-raw,SG2D2E10,Dead,0.03614468199806166,0.007692065136209253,0.538563829787234,0.19130751875410962,1.0822502742191789,1.0064922483516108,1.046105592221117,-0.6618357768147963,0.047340472211091826,0.5172872340425532,0.2215739065108155,Dead,1.015198203556406,0.9678577313453142
sub-07_ses-03_task-AcousStim_acq-RH_desc-raw,SG2D2E13,Dead,0.012290809872424705,0.006555323017370705,0.5146276595744681,0.3018272074691949,1.007494102033355,0.9875985882663647,0.9952032921609302,-0.8575365387398295,0.0349940775578202,0.5438829787234043,0.276160728347763,Dead,1.0263860346919957,0.9913919571341756
sub-07_ses-03_task-AcousStim_acq-RH_desc-raw,SG2D2E9,Dead,0.039771147154270964,0.020826383681382305,0.511968085106383,0.2491680756185442,1.0034182167158894,1.0135222595921574,0.9636470695616184,-0.7481966249215849,0.06159507564198467,0.48404255319148937,0.24535542394114065,Dead,0.9806464905559484,0.9190514149139638
sub-07_ses-03_task-AcousStim_acq-RH_desc-raw,SG2D2E6,Dead,0.15759150105523104,0.025399770372910743,0.5212765957446809,0.33303417286562087,0.9812205205271299,1.0294091620813324,0.8236290194718988,-0.5230669355536233,0.17791905984190912,0.48404255319148937,0.2862283304670376,Dead,0.9722857728338647,0.7943667129919557
sub-07_ses-03_task-AcousStim_acq-RH_desc-raw,SG2D2E16,Dead,0.007588239385391155,0.0059884353909003376,0.5132978723404256,0.25199292623915026,1.0023326994347461,0.9922847993883942,0.994744460049355,-0.8171681296418647,0.027529329026811003,0.5319148936170213,0.22603480013336216,Dead,1.0079760659964871,0.9804467369696761
sub-07_ses-03_task-AcousStim_acq-RH_desc-raw,SG2D2E2,Dead,0.08715839450147608,0.0175878208703376,0.5837765957446809,0.3005014428007437,1.0345570723521325,1.0112782234220907,0.9473986778506563,-0.6970413210458185,0.11333464482827926,0.589095744680851,0.3312546951334387,Dead,1.029619118253408,0.9162844734251288
sub-07_ses-03_task-AcousStim_acq-RH_desc-raw,SG2D2E12,Dead,0.07684787869056862,0.03014236834505846,0.589095744680851,0.26636083953122963,1.0796815619787123,1.0328098127268381,1.002833683288144,-0.47384413396599506,0.09683649201461643,0.5731382978723404,0.26756122590732806,Dead,1.0248508696745278,0.9280143776599112
sub-07_ses-03_task-AcousStim_acq-RH_desc-raw,SG2D2E15,Dead,0.012504137118192597,0.0064662759794357535,0.5292553191489362,0.25953976994267935,1.0032650254677553,0.9891354134011143,0.9907608883495628,-0.9637953146406278,0.03418330832319673,0.538563829787234,0.24507786254704533,Dead,1.0097180100319683,0.9755347017087715
sub-07_ses-03_task-AcousStim_acq-RH_desc-raw,SG2D2E1,Dead,0.07817503689220247,0.015838340130205953,0.598404255319149,0.31535345722906205,1.0310249015444442,1.0187877763926225,0.9528498646522416,-0.6878906803485914,0.10288077732984133,0.6037234042553191,0.32913842935293586,Dead,1.0171290199892207,0.9142482426593793
sub-07_ses-03_task-AcousStim_acq-RH_desc-raw,SG2D2E5,Dead,0.1397514799639508,0.011737201719372125,0.5944148936170213,0.2881314483084778,1.0427352758658932,0.9964496670084355,0.9029837959019424,-0.41535129732247855,0.1627022957488652,0.5970744680851063,0.28183161256031186,Dead,1.0260462888822486,0.8633439931333835
sub-07_ses-03_task-AcousStim_acq-RH_desc-raw,SG2D2E8,Dead,0.05010702690436895,0.020371316949986156,0.5877659574468085,0.2770659540523049,1.0647405555878016,0.9964104905563036,1.0146335286834327,-0.6771908987291597,0.07263243707292309,0.5531914893617021,0.2705367778147559,Dead,1.034623827492925,0.9619913904200018
sub-07_ses-04_task-AcousStim_acq-LH_desc-raw,SG2D1E12,Dead,0.003552921080591902,0.0016951796727184222,0.4949698189134809,0.04587790643556747,0.9800235327008675,0.9958164755790025,0.9764706116202756,0.12867567165159097,0.0034076473917803974,0.47484909456740443,0.05278375559601494,Dead,0.9669403409172996,0.9635326935255193
sub-07_ses-04_task-AcousStim_acq-LH_desc-raw,SG2D1E8,Dead,0.010371609504981236,0.0028682268181921167,0.3702213279678068,0.025058779225176308,0.7735684904348101,0.898883132949596,0.763196880929829,0.11849724007829908,0.01104564078283992,0.3822937625754527,0.025647479030637972,Dead,0.7876855201832424,0.7766398794004025
sub-07_ses-04_task-AcousStim_acq-LH_desc-raw,SG2D1E1,Dead,0.010860990458385565,0.0022723859548359005,0.38028169014084506,0.02992213852133052,0.7775345654484777,0.8943984299458154,0.766673574990092,0.39977279639675256,0.012161299485436537,0.4164989939637827,0.06475432460044066,Dead,0.8013000974674416,0.789138797982005
sub-07_ses-04_task-AcousStim_acq-LH_desc-raw,SG2D1E5,Dead,0.014757669324683026,0.002036752358981633,0.32595573440643866,0.07903285592776749,0.7490632091640542,0.5568608240971904,0.7343055398393712,0.5344606090014673,0.018463690455636606,0.32796780684104626,0.06183457526955311,Dead,0.7540034460395516,0.735539755583915
sub-07_ses-04_task-AcousStim_acq-LH_desc-raw,SG2D1E15,Dead,0.01170402559825588,0.0030279643293329417,0.34808853118712274,0.023419036927577037,0.7504520256211955,0.818387438027215,0.7387480000229396,-0.06914835239690156,0.0121571114773666,0.36016096579476864,0.021094252493264742,Dead,0.7545307672717249,0.7423736557943583
sub-07_ses-04_task-AcousStim_acq-LH_desc-raw,SG2D1E16,Dead,0.018824615669377084,0.0019042697335354445,0.33400402414486924,0.03225078986542855,0.7365852645779054,0.8671154025665003,0.7177606489085282,0.09616901203433897,0.01767539988039863,0.32796780684104626,0.03173206151473891,Dead,0.7366458988068454,0.7189704989264468
sub-07_ses-04_task-AcousStim_acq-LH_desc-raw,SG2D1E2,Dead,0.04135788267454331,0.001552962282130476,0.40643863179074446,0.06603685346783049,0.8661428398726062,0.861382137317554,0.8247849571980629,0.8450191526044173,0.03309017972558612,0.4044265593561368,0.04975835190784925,Dead,0.8461102526512444,0.8130200729256583
sub-07_ses-04_task-AcousStim_acq-LH_desc-raw,SG2D1E13,Dead,0.012223994829853,0.0017257310884688194,0.2917505030181087,0.030616472870920352,0.6698824146132717,0.639701607217001,0.6576584197834187,-0.19493129729696443,0.012738774994545224,0.2977867203219316,0.028700854329791567,Dead,0.6748157412101156,0.6620769662155703
sub-07_ses-04_task-AcousStim_acq-LH_desc-raw,SG2D1E9,Dead,0.015624464669323572,0.002708295564590338,0.2917505030181087,0.029280446943082145,0.6859393339257378,0.725708382654265,0.6703148692564143,0.10792403579402012,0.016273388191588915,0.29577464788732394,0.03230849987615756,Dead,0.703150812860937,0.686877424669348
sub-07_ses-04_task-AcousStim_acq-LH_desc-raw,SG2D1E6,Dead,0.06333723408073,0.0025062628177666,0.34808853118712274,0.0625040372498554,0.8131379593521607,0.4749527231721785,0.7498007252714308,0.9046322675026305,0.03696191258022799,0.3501006036217304,0.048313749652780645,Dead,0.8259369728631141,0.7889750602828862
sub-07_ses-04_task-AcousStim_acq-LH_desc-raw,SG2D1E10,Dead,0.03094633280650892,0.0024890447854436573,0.2857142857142857,0.046417503277452914,0.6770509701305535,0.6534887813930357,0.6461046373240446,0.5259553804250354,0.02922132115350879,0.2857142857142857,0.05399001186221685,Dead,0.6937361995486777,0.6645148783951689
sub-07_ses-04_task-AcousStim_acq-LH_desc-raw,SG2D1E3,Dead,0.09003491071646293,0.0016657020495442158,0.41851106639839036,0.1854185978929332,0.9105652323110155,0.7041921769750863,0.8205303215945525,0.9370448014928195,0.061798599688050716,0.4225352112676056,0.11202118730868417,Dead,0.8660319142530913,0.8042333145650407
sub-07_ses-04_task-AcousStim_acq-LH_desc-raw,SG2D1E17,Dead,0.028972421940729718,0.0019812436658640134,0.30985915492957744,0.03569230340938936,0.694364112747491,0.6590236141195003,0.6653916908067613,0.46111264511387845,0.027497506266163853,0.30181086519114686,0.03483623553981802,Dead,0.696173774456819,0.6686762681906552
sub-07_ses-04_task-AcousStim_acq-LH_desc-raw,SG2D1E18,Dead,0.029037669928082207,0.0023999276373030927,0.5130784708249497,0.19603274641434618,1.0189520801512704,0.8337501020622442,0.989914410223188,0.8462824680121522,0.02497486170882802,0.49899396378269617,0.1620741189380664,Dead,1.009849133592548,0.9848742718837198
sub-07_ses-04_task-AcousStim_acq-LH_desc-raw,SG2D1E14,Dead,0.05177308684695573,0.001839995361923949,0.2837022132796781,0.06727093991552109,0.6723510111196276,0.6429658983887754,0.6205779242726719,0.7946168222267828,0.0478879675635142,0.2796780684104628,0.07255248341617421,Dead,0.6726553772958637,0.6247674097323495
sub-07_ses-04_task-AcousStim_acq-LH_desc-raw,SG2D1E7,Dead,0.06193848837728161,0.001662812081654203,0.41448692152917505,0.12258435890700732,0.8779594037561144,0.48600221460102827,0.8160209153788328,0.9273298116123646,0.04423638165915632,0.4225352112676056,0.07137000732704592,Dead,0.8796882522050415,0.8354518705458852
sub-07_ses-04_task-AcousStim_acq-LH_desc-raw,SG2D1E4,Dead,0.06531924582540685,0.002529559053587192,0.45271629778672035,0.1423720138427752,0.9073334622029985,0.7274985127723131,0.8420142163775917,0.9466915535092986,0.046492715954436124,0.43259557344064387,0.08935746077563698,Dead,0.8748149679692583,0.8283222520148221
sub-07_ses-04_task-AcousStim_acq-LH_desc-raw,SG2D1E11,Dead,0.0637614872910933,0.0025758645631468228,0.4507042253521127,0.14322076770945907,0.9052377512813398,0.7243932596851843,0.8414762639902466,0.9467547678570881,0.045583432069796585,0.42857142857142855,0.08955450772780348,Dead,0.8733148530802822,0.8277314210104856
sub-07_ses-04_task-AcousStim_acq-RH_desc-raw,SG2D2E8,Dead,0.002010198405349463,0.006223212626234857,0.47198641765704585,0.160856117245673,1.0013499385111158,1.020153996065455,0.9993397401057664,-0.7088238767801028,0.0008851841528745964,0.47877758913412566,0.19994758372421353,Dead,1.0018868891666939,1.0010017050138194
sub-07_ses-04_task-AcousStim_acq-RH_desc-raw,SG2D2E1,Dead,0.0018746986550714471,0.006773282165478595,0.5025466893039049,0.1369103550067536,1.0034547467577013,1.0079453535709477,1.0015800481026298,-0.3047386509825106,0.0009698171515162416,0.4872665534804754,0.1733042266334602,Dead,1.00150484998334,1.0005350328318237
sub-07_ses-04_task-AcousStim_acq-RH_desc-raw,SG2D2E5,Dead,0.0019199644996263443,0.006837150221350275,0.5076400679117148,0.13633760424250546,1.0040943435452854,1.0081118466764145,1.0021743790456592,-0.2847459368934934,0.0010078962169541908,0.48217317487266553,0.1725300392235676,Dead,1.00174118585325,1.0007332896362955
sub-07_ses-04_task-AcousStim_acq-RH_desc-raw,SG2D2E12,Dead,0.001677886064295743,0.0069661060611901846,0.4923599320882852,0.12889146192649678,1.0038904459346991,1.0079357477627153,1.0022125598704035,-0.18211928253267054,0.0008960066822874766,0.4940577249575552,0.16704029796773343,Dead,1.0021562588186619,1.0012602521363743
sub-07_ses-04_task-AcousStim_acq-RH_desc-raw,SG2D2E15,Dead,0.001825015118634599,0.006954562382112262,0.5059422750424448,0.13559200906086688,1.0037925003526689,1.0088756628484414,1.0019674852340343,-0.28052623332773075,0.0009523003940119998,0.4855687606112054,0.17199581136364725,Dead,1.0016973333024388,1.0007450329084269
sub-07_ses-04_task-AcousStim_acq-RH_desc-raw,SG2D2E16,Dead,0.001717563826838681,0.007028431927891356,0.4923599320882852,0.11957264779531135,1.0006469956157344,1.0057221162459378,0.9989294317888958,-0.09269787961327888,0.000875322120100471,0.49745331069609505,0.15828355968134256,Dead,1.0014564390342382,1.0005811169141376
sub-07_ses-04_task-AcousStim_acq-RH_desc-raw,SG2D2E2,Dead,0.0018318501460285047,0.006824434271062026,0.5059422750424448,0.13778283651629822,1.0038055749601063,1.0080361954032366,1.0019737248140776,-0.3248415821576756,0.0009435906824657662,0.4906621392190153,0.17442222929566317,Dead,1.0020849684422666,1.0011413777598008
sub-07_ses-04_task-AcousStim_acq-RH_desc-raw,SG2D2E9,Dead,0.0017341793032427685,0.007156354745090442,0.49575551782682514,0.11730100187126721,1.001214577243433,1.0043304148579608,0.9994803979401904,-0.09595837943658339,0.000834209120423104,0.49575551782682514,0.1563113641754064,Dead,1.0024718796451086,1.0016376705246857
sub-07_ses-04_task-AcousStim_acq-RH_desc-raw,SG2D2E6,Dead,0.001792341602718994,0.006781752993809444,0.5059422750424448,0.13577319463635548,1.0040917069513342,1.0076258174102035,1.0022993653486154,-0.2758895862982024,0.0009575180805710245,0.4855687606112054,0.17350728954306105,Dead,1.0020358789633936,1.0010783608828224
sub-07_ses-04_task-AcousStim_acq-RH_desc-raw,SG2D2E10,Dead,0.0017477713379702624,0.007015541393091476,0.5008488964346349,0.1299196374900095,1.0027121181151584,1.008041580200605,1.0009643467771883,-0.2559808846742978,0.0008817866838899813,0.4906621392190153,0.16805196297452318,Dead,1.00121335175248,1.00033156506859
sub-07_ses-04_task-AcousStim_acq-RH_desc-raw,SG2D2E13,Dead,0.0017387899988711769,0.006784110702818497,0.5042444821731749,0.13596729974881128,1.004113141200852,1.0081361158251334,1.002374351201981,-0.2741518611389295,0.0009693167040731997,0.48896434634974534,0.17374973254239576,Dead,1.0025597652524592,1.001590448548386
sub-07_ses-04_task-AcousStim_acq-RH_desc-raw,SG2D2E3,Dead,0.0018398956098738958,0.006807707116776036,0.5025466893039049,0.1374751187596049,1.0037949374196178,1.0079529259595879,1.001955041809744,-0.31417605949412886,0.0009599680083989388,0.4872665534804754,0.17427274986025812,Dead,1.0019461833364425,1.0009862153280435
sub-07_ses-04_task-AcousStim_acq-RH_desc-raw,SG2D2E17,Dead,0.0017934163771266244,0.006783816550829545,0.5008488964346349,0.13746346797057082,1.003225546505352,1.008004734105855,1.0014321301282252,-0.28226576969460987,0.000982626677082174,0.48896434634974534,0.17466098303573177,Dead,1.0012142874126626,1.0002316607355803
sub-07_ses-04_task-AcousStim_acq-RH_desc-raw,SG2D2E18,Dead,0.005035890037792928,0.0024766137237771106,0.4685908319185059,0.059116938387901365,0.7761503720197317,1.036275815129835,0.7711144819819388,-0.6577903480310017,0.0059297152388251805,0.466893039049236,0.08492882385565191,Dead,0.8604211070857879,0.8544913918469628
sub-07_ses-04_task-AcousStim_acq-RH_desc-raw,SG2D2E7,Dead,0.001849936746637152,0.006829177162719128,0.49575551782682514,0.13754393241762589,1.0044430509095512,1.0079346216148724,1.0025931141629139,-0.3301051689639234,0.0009408648369434322,0.4906621392190153,0.174283849973117,Dead,1.0022364513080435,1.0012955864711
sub-07_ses-04_task-AcousStim_acq-RH_desc-raw,SG2D2E4,Dead,0.0016979544387759943,0.006830353767803849,0.5059422750424448,0.13378232156057995,1.00295959572737,1.0073795880655965,1.001261641288594,-0.28962093348143575,0.0008398060545631448,0.4855687606112054,0.1715828219986239,Dead,1.00124085735015,1.0004010512955868
sub-07_ses-04_task-AcousStim_acq-RH_desc-raw,SG2D2E11,Dead,0.0020486162278147164,0.007555719081169071,0.5110356536502547,0.09898557678302665,1.0058716696335934,0.9991675721528996,1.0038230534057788,-0.004516684456697402,0.0008463032275667634,0.5161290322580645,0.13844366329305857,Dead,1.0043101874928955,1.0034638842653287
sub-07_ses-04_task-AcousStim_acq-RH_desc-raw,SG2D2E14,Dead,0.0018078767116479144,0.005361353632965365,0.4634974533106961,0.15997777333905538,1.000011457411359,1.0216329297919937,0.9982035806997109,-0.6506098088129747,0.0007986860454275194,0.4770797962648557,0.1986487246434842,Dead,1.000263811354465,0.9994651253090374
sub-07_ses-05_task-AcousStim_acq-LH_desc-raw,SG2D1E12,Dead,0.004636034113117217,0.0003524184203967726,0.5119047619047619,0.03263117270976012,0.9073652990599504,0.1561272414017093,0.9027292649468333,-0.13138505360494304,0.004887726259017406,0.5071428571428571,0.03046354691406423,Dead,0.9226582740847945,0.9177705478257773
sub-07_ses-05_task-AcousStim_acq-LH_desc-raw,SG2D1E8,Dead,0.005072500953310488,0.0017294766536430247,0.5,0.0334264511327477,1.0001939224357526,0.7585695492726423,0.995121421482442,-0.036720569471591226,0.005295643769794582,0.5,0.03102877227800503,Dead,0.9996492129563244,0.9943535691865298
sub-07_ses-05_task-AcousStim_acq-LH_desc-raw,SG2D1E1,Dead,0.0050413430561767674,0.0017625023918351706,0.5047619047619047,0.0323373363948377,1.0010568885455582,0.7590607069604011,0.9960155454893813,-0.03749431338859243,0.005250528945501738,0.5059523809523809,0.029969527443504403,Dead,1.0005226893546018,0.9952721604091
sub-07_ses-05_task-AcousStim_acq-LH_desc-raw,SG2D1E5,Dead,0.01170933675792478,0.0001960937859432844,0.5380952380952381,0.019159798683952345,0.9840904177364728,0.16727740248178394,0.972381080978548,0.13540957027987396,0.011674795613691297,0.5238095238095238,0.023784047731696782,Dead,0.9957172310518893,0.9840424354381979
sub-07_ses-05_task-AcousStim_acq-LH_desc-raw,SG2D1E15,Dead,0.005105712703938996,0.0022155339000742244,0.5047619047619047,0.03332097198124065,1.0044083901797558,0.9707194527866791,0.9993026774758167,-0.02556829180794528,0.005323521462369756,0.5047619047619047,0.030876526018144758,Dead,1.0027858915056729,0.9974623700433032
sub-07_ses-05_task-AcousStim_acq-LH_desc-raw,SG2D1E16,Dead,0.012263626298690036,0.0011145940895124667,0.5404761904761904,0.01817463782021909,1.03294540372015,0.9570889469569567,1.02068177742146,0.2135765027583741,0.012112398490319701,0.5238095238095238,0.022871586121180794,Dead,1.035635518742904,1.0235231202525843
sub-07_ses-05_task-AcousStim_acq-LH_desc-raw,SG2D1E2,Dead,0.009304729129516649,4.030876100657496e-05,0.5345238095238095,0.021002404631586657,0.7919001290287299,0.03205739610961695,0.7825953998992133,-0.16606078525476592,0.009582583922775533,0.5273809523809524,0.025239315062048222,Dead,0.8274457310629018,0.8178631471401262
sub-07_ses-05_task-AcousStim_acq-LH_desc-raw,SG2D1E13,Dead,0.007057605934015333,0.0011844854930992447,0.4928571428571429,0.04099788142647354,1.0159213216637235,0.9824821995586306,1.008863715729708,0.10079880852774736,0.007076678420485729,0.4928571428571429,0.03953358648679053,Dead,1.0005436837956707,0.9934670053751848
sub-07_ses-05_task-AcousStim_acq-LH_desc-raw,SG2D1E9,Dead,0.007117543182724028,0.0011930087224882036,0.49166666666666664,0.041630085035382416,1.0164143004746455,0.9805186340976361,1.0092967572919216,0.09132521047209405,0.0071319871632213,0.49404761904761907,0.040013127075199516,Dead,1.0014584993376723,0.9943265121744509
sub-07_ses-05_task-AcousStim_acq-LH_desc-raw,SG2D1E6,Dead,0.006721840778229055,0.0008887633166645108,0.49166666666666664,0.04140852827983157,0.9637422264595293,0.7350003828322811,0.9570203856813002,-0.01529993523325631,0.006797986278300179,0.4928571428571429,0.039986340131510145,Dead,0.9577592989495929,0.9509613126712927
sub-07_ses-05_task-AcousStim_acq-LH_desc-raw,SG2D1E10,Dead,0.006539344618393412,0.000780138845580623,0.4928571428571429,0.042057780585219494,0.9376930606849031,0.6448459054099932,0.9311537160665098,-0.07236139807894898,0.006640249051200842,0.49047619047619045,0.04030721651281753,Dead,0.9357338907097433,0.9290936416585426
sub-07_ses-05_task-AcousStim_acq-LH_desc-raw,SG2D1E3,Dead,0.020935033355868462,0.00046637985881791305,0.5416666666666666,0.02548415498969726,0.982087572488373,0.1818626789766834,0.9611525391325044,0.2096526074353178,0.021012183682534564,0.5416666666666666,0.030737319596358944,Dead,0.9922285245827617,0.9712163409002271
sub-07_ses-05_task-AcousStim_acq-LH_desc-raw,SG2D1E17,Dead,0.007077109557333936,0.001173384343221602,0.49166666666666664,0.04091634178711592,1.014021506414648,0.968947078055134,1.0069443968573142,0.10356771512906446,0.0071002409854054715,0.49642857142857144,0.03970518429883604,Dead,0.9996837577436227,0.9925835167582173
sub-07_ses-05_task-AcousStim_acq-LH_desc-raw,SG2D1E18,Dead,0.006311677710864453,0.0019478778654018077,0.49523809523809526,0.039552505300686464,0.9966158920598271,0.6971365055929262,0.9903042143489627,-0.06190258640827755,0.006644660744272579,0.5047619047619047,0.036751905548923755,Dead,0.9946808969093281,0.9880362361650556
sub-07_ses-05_task-AcousStim_acq-LH_desc-raw,SG2D1E14,Dead,0.02264128313468517,0.0018485349412825807,0.530952380952381,0.035758477900260516,1.0188257308228577,0.6448271327582222,0.9961844476881725,0.49857362660229754,0.02231984364141719,0.5095238095238095,0.04252287016388926,Dead,1.0189395313718392,0.996619687730422
sub-07_ses-05_task-AcousStim_acq-LH_desc-raw,SG2D1E7,Dead,0.0064668745821211465,0.0008193372324839438,0.49523809523809526,0.03949740803246912,0.9585137469772975,0.28295774887323494,0.9520468723951765,-0.11056251142141185,0.006860871215821494,0.5023809523809524,0.03661716510455771,Dead,0.9651341621622807,0.9582732909464591
sub-07_ses-05_task-AcousStim_acq-LH_desc-raw,SG2D1E4,Dead,0.006672976782934858,0.0028460381514348997,0.4988095238095238,0.04033261187569772,1.0061033070342722,1.0046345982308071,0.9994303302513373,-0.028467866974851336,0.007018486472185206,0.5023809523809524,0.03743662120552097,Dead,1.002463963158649,0.9954454766864639
sub-07_ses-05_task-AcousStim_acq-LH_desc-raw,SG2D1E11,Dead,0.0062557770042660455,0.0005776247457539503,0.4988095238095238,0.03949085488889142,0.9366902280972185,0.19955633855320015,0.9304344510929523,-0.1529034329823081,0.006694551770696565,0.5071428571428571,0.036495722897281944,Dead,0.9496956354788845,0.9430010837081878
sub-07_ses-05_task-AcousStim_acq-RH_desc-raw,SG2D2E8,Dead,0.003863458609636262,0.005167899074589028,0.5146612740141557,0.1587455461371035,1.008919850880966,1.0097710584353632,1.0050563922713298,0.8320898478920283,0.010379520684063736,0.5085945399393327,0.17130370406601667,Dead,1.0087861410374022,0.9984066203533385
sub-07_ses-05_task-AcousStim_acq-RH_desc-raw,SG2D2E1,Dead,0.0035129017655909714,0.0030908159265668907,0.47017189079878663,0.07864207209815528,0.9961576997905868,1.005719738422088,0.9926447980249958,0.28584181038340684,0.0053349449872806785,0.48230535894843274,0.052968925645019496,Dead,0.9938086496185488,0.988473704631268
sub-07_ses-05_task-AcousStim_acq-RH_desc-raw,SG2D2E5,Dead,0.005319895597836178,0.0075497983681235845,0.47320525783619816,0.21032681383107227,0.9979559427034747,1.0006543520641578,0.9926360471056384,0.15751114611753786,0.012187862697246199,0.48432760364004046,0.11465981305714515,Dead,0.9963752479769803,0.9841873852797342
sub-07_ses-05_task-AcousStim_acq-RH_desc-raw,SG2D2E12,Dead,0.002986613752354272,0.0026499683276386783,0.5075834175935288,0.07726646774429413,0.9988629248221343,1.0066159096829452,0.9958763110697799,-0.06893598449130281,0.0026968709773060036,0.49646107178968657,0.03815464557699347,Dead,0.9957455974523919,0.9930487264750859
sub-07_ses-05_task-AcousStim_acq-RH_desc-raw,SG2D2E15,Dead,0.0028966234644272424,0.0028141027161860867,0.4994944388270981,0.09517612740267596,0.9954140015922444,1.0096910644916988,0.9925173781278172,0.06459357414051324,0.0035685166064254093,0.49443882709807885,0.046511202615127895,Dead,0.9943368991991718,0.9907683825927464
sub-07_ses-05_task-AcousStim_acq-RH_desc-raw,SG2D2E16,Dead,0.0037765328095262286,0.0028766471300962376,0.4833164812942366,0.07041471645376304,0.9947173049862261,1.0076492064170868,0.9909407721766998,0.6005977260806507,0.00502403257192376,0.4903943377148635,0.052462401972301564,Dead,0.9932052853348005,0.9881812527628767
sub-07_ses-05_task-AcousStim_acq-RH_desc-raw,SG2D2E2,Dead,0.0030907213601243486,0.002608828169683827,0.5096056622851365,0.07779847197562227,1.000550565103151,1.0043322570957112,0.9974598437430268,-0.10346758721451045,0.0025666008877028505,0.5005055611729019,0.03836452698555985,Dead,0.9968727469582307,0.9943061460705278
sub-07_ses-05_task-AcousStim_acq-RH_desc-raw,SG2D2E9,Dead,0.006974348891200189,0.0005329615742278993,0.4792719919110212,0.04881678525420042,0.9871397953691037,0.9985188375788829,0.9801654464779035,-0.03516208809436049,0.002137250933320891,0.4762386248736097,0.043826674525680134,Dead,0.9871128959577153,0.9849756450243944
sub-07_ses-05_task-AcousStim_acq-RH_desc-raw,SG2D2E6,Dead,0.0015208461514407254,0.0025469156694010358,0.5005055611729019,0.11086231375952832,1.0009098513131292,1.0025891257266906,0.9993890051616884,0.0695325073878844,0.0026214901811685313,0.4914054600606673,0.03996767041147041,Dead,1.000209337797177,0.9975878476160085
sub-07_ses-05_task-AcousStim_acq-RH_desc-raw,SG2D2E10,Dead,0.002340905295647006,0.0022570459092954294,0.5045500505561172,0.10300062645230296,0.9933696084464487,1.008277171702664,0.9910287031508018,0.07012334876641795,0.00319278302758962,0.4914054600606673,0.03987974823150037,Dead,0.9931482318988761,0.9899554488712866
sub-07_ses-05_task-AcousStim_acq-RH_desc-raw,SG2D2E13,Dead,0.008111029402826417,0.0021521129877848395,0.5035389282103134,0.11715010168267788,1.0079663408091364,1.004321350991982,0.9998553114063099,0.13552093423541653,0.0014445433354539673,0.4994944388270981,0.03880888466011039,Dead,1.009316200863676,1.007871657528222
sub-07_ses-05_task-AcousStim_acq-RH_desc-raw,SG2D2E3,Dead,0.0030382960971350077,0.002645597055867526,0.49646107178968657,0.08590879151723932,0.9966065240649611,1.008201533247328,0.993568227967826,0.20126608463283663,0.0034847667334954825,0.4974721941354904,0.04067902927037099,Dead,0.9945568178198849,0.9910720510863894
sub-07_ses-05_task-AcousStim_acq-RH_desc-raw,SG2D2E17,Dead,0.0037815567912696667,0.0023497030078188084,0.4863498483316481,0.07366954648879744,0.9935034234206812,1.0032463150342286,0.9897218666294116,0.6361409330688688,0.004750437629274389,0.4863498483316481,0.05504345625079722,Dead,0.9919921949466555,0.9872417573173812
sub-07_ses-05_task-AcousStim_acq-RH_desc-raw,SG2D2E18,Dead,0.004358169870266829,0.002782532030309671,0.48028311425682507,0.10569222241256046,0.9838295776140698,1.0079349109523068,0.9794714077438028,-0.11570567705111709,0.005882440187253852,0.48028311425682507,0.06648409832467035,Dead,0.9883917981691034,0.9825093579818495
sub-07_ses-05_task-AcousStim_acq-RH_desc-raw,SG2D2E7,Dead,0.0023729123274185506,0.0018036533917594356,0.49848331648129424,0.060602787211787745,0.994271015136686,1.0060223070227867,0.9918981028092676,0.30041563549213685,0.0020488124411776774,0.487360970677452,0.03902268271699316,Dead,0.9927987145321503,0.9907499020909726
sub-07_ses-05_task-AcousStim_acq-RH_desc-raw,SG2D2E4,Dead,0.0030677771904719852,0.0026022501444803955,0.4914054600606673,0.10251338329485332,0.9952948191489588,1.0033781126942618,0.9922270419584868,0.47244840762763696,0.004647617363641087,0.4792719919110212,0.07011201100048088,Dead,0.9929521542639491,0.9883045369003081
sub-07_ses-05_task-AcousStim_acq-RH_desc-raw,SG2D2E11,Dead,0.0036661774819490597,0.002708654790250993,0.5035389282103134,0.08152881002684906,0.9937505694984331,1.0078347921454538,0.990084392016484,0.4425388786580351,0.004829392345870836,0.49342770475227504,0.05266866249979132,Dead,0.9926821107844481,0.9878527184385772
sub-07_ses-05_task-AcousStim_acq-RH_desc-raw,SG2D2E14,Dead,0.04003750064616942,0.0008320917110537166,0.48230535894843274,0.1795233612762243,0.9962446120879508,0.9995895081240957,0.9562071114417814,0.7191366724455179,0.037508380243342056,0.5096056622851365,0.15673326661934409,Dead,0.9976252821811409,0.9601169019377989
